test_id,character_level,category,confidence,match_method,before_block_index,before_modifier_kind,before_modifier_name,before_tier,before_header,before_stats,after_block_index,after_modifier_kind,after_modifier_name,after_tier,after_header,after_stats,is_exact_duplicate,duplicate_of
STONEFIST-0001,80,rare,likely_by_name,modifier_name,1,Prefix,Hunter's,3,"{ Prefix Modifier ""Hunter's"" (Tier: 3) — Attack }",+336(237-346) to Accuracy Rating,1,Prefix,Hunter's,,"{ Prefix Modifier ""Hunter's"" — Attack }",30(30-32)% chance to Blind Enemies on Hit with Attacks,False,
STONEFIST-0001,80,rare,likely_by_name,modifier_name,2,Prefix,Cherub's,1,"{ Prefix Modifier ""Cherub's"" (Tier: 1) — Evasion, Energy Shield }",+66(65-78) to Evasion Rating | +25(22-25) to maximum Energy Shield,2,Prefix,Cherub's,,"{ Prefix Modifier ""Cherub's"" }",Has +4 to Evasion Rating per player level | Has +1 to maximum Energy Shield per player level,False,
STONEFIST-0001,80,rare,likely_by_name,modifier_name,3,Prefix,Bard's,3,"{ Prefix Modifier ""Bard's"" (Tier: 3) — Life, Evasion, Energy Shield }",27(27-32)% increased Evasion and Energy Shield | +27(26-32) to maximum Life,3,Prefix,Bard's,,"{ Prefix Modifier ""Bard's"" }","6% of Damage Taken Recouped as Life, Mana and Energy Shield",False,
STONEFIST-0001,80,rare,likely_by_name,modifier_name,4,Suffix,of the Maelstrom,3,"{ Suffix Modifier ""of the Maelstrom"" (Tier: 3) — Elemental, Lightning, Resistance }",+33(31-35)% to Lightning Resistance,4,Suffix,of the Maelstrom,,"{ Suffix Modifier ""of the Maelstrom"" — Elemental, Lightning, Resistance }",+2% to Maximum Lightning Resistance | +31(31-35)% to Lightning Resistance,False,
STONEFIST-0001,80,rare,likely_by_name,modifier_name,5,Suffix,of Mastery,2,"{ Suffix Modifier ""of Mastery"" (Tier: 2) — Attack, Speed }",13(11-13)% increased Attack Speed,5,Suffix,of Mastery,,"{ Suffix Modifier ""of Mastery"" }",20(20-24)% chance to gain Onslaught for 4 seconds on Hit,False,
STONEFIST-0001,80,rare,likely_by_name,modifier_name,6,Suffix,of the Lamprey,2,"{ Suffix Modifier ""of the Lamprey"" (Tier: 2) — Life, Physical, Attack }",Leech 8.47(8-8.9)% of Physical Attack Damage as Life,6,Suffix,of the Lamprey,,"{ Suffix Modifier ""of the Lamprey"" — Life }",Leech 13.34(12-13.9)% of Physical Attack Damage as Life | Leech Life 25(25-20)% slower,False,
STONEFIST-0002,80,rare,likely_by_name,modifier_name,1,Prefix,Urchin's,4,"{ Prefix Modifier ""Urchin's"" (Tier: 4) — Life, Armour }",21(21-26)% increased Armour | +20(20-25) to maximum Life,1,Prefix,Urchin's,,"{ Prefix Modifier ""Urchin's"" }","5% of Damage Taken Recouped as Life, Mana and Energy Shield",False,
STONEFIST-0002,80,rare,likely_by_name,modifier_name,2,Prefix,Blasting,2,"{ Prefix Modifier ""Blasting"" (Tier: 2) — Damage, Elemental, Fire, Attack }",Adds 21(20-24) to 34(33-36) Fire damage to Attacks,2,Prefix,Blasting,,"{ Prefix Modifier ""Blasting"" — Elemental, Fire, Attack }",Attacks Gain 19(19-20)% of Damage as Extra Fire Damage,False,
STONEFIST-0002,80,rare,likely_by_name,modifier_name,3,Prefix,Consistent,5,"{ Prefix Modifier ""Consistent"" (Tier: 5) — Attack }",+151(124-167) to Accuracy Rating,3,Prefix,Consistent,,"{ Prefix Modifier ""Consistent"" — Attack }",24(24-26)% chance to Blind Enemies on Hit with Attacks,False,
STONEFIST-0002,80,rare,likely_by_name,modifier_name,4,Suffix,of Covering,5,"{ Suffix Modifier ""of Covering"" (Tier: 5) — Armour, Elemental }",+18(14-19)% of Armour also applies to Elemental Damage,4,Suffix,of Covering,,"{ Suffix Modifier ""of Covering"" — Elemental, Fire, Cold, Lightning, Resistance }",+11(10-12)% to all Elemental Resistances,False,
STONEFIST-0002,80,rare,likely_by_name,modifier_name,5,Suffix,of Renown,1,"{ Suffix Modifier ""of Renown"" (Tier: 1) — Attack, Speed }",15(14-16)% increased Attack Speed,5,Suffix,of Renown,,"{ Suffix Modifier ""of Renown"" }",30(26-30)% chance to gain Onslaught for 4 seconds on Hit,False,
STONEFIST-0003,80,magic,confirmed_isolated,isolated,1,Prefix,Shocking,3,"{ Prefix Modifier ""Shocking"" (Tier: 3) — Damage, Elemental, Lightning, Attack }",Adds 2(1-2) to 41(41-47) Lightning damage to Attacks,1,Prefix,Shocking,,"{ Prefix Modifier ""Shocking"" — Elemental, Lightning, Attack }",Attacks Gain 18(17-18)% of Damage as Extra Lightning Damage,False,
STONEFIST-0004,80,magic,confirmed_isolated,isolated,1,Suffix,of the Squall,7,"{ Suffix Modifier ""of the Squall"" (Tier: 7) — Elemental, Lightning, Resistance }",+15(11-15)% to Lightning Resistance,1,Suffix,of the Squall,,"{ Suffix Modifier ""of the Squall"" — Elemental, Lightning, Resistance }",+1% to Maximum Lightning Resistance | +19(16-20)% to Lightning Resistance,False,
STONEFIST-0005,80,rare,likely_by_name,modifier_name,1,Prefix,Nightmare's,2,"{ Prefix Modifier ""Nightmare's"" (Tier: 2) — Evasion }",80(80-91)% increased Evasion Rating,1,Prefix,Nightmare's,,"{ Prefix Modifier ""Nightmare's"" — Evasion, Energy Shield }",17(17-18)% more Global Evasion Rating and Energy Shield,False,
STONEFIST-0005,80,rare,likely_by_name,modifier_name,2,Prefix,Incinerating,3,"{ Prefix Modifier ""Incinerating"" (Tier: 3) — Damage, Elemental, Fire, Attack }",Adds 13(13-19) to 32(27-32) Fire damage to Attacks,2,Prefix,Incinerating,,"{ Prefix Modifier ""Incinerating"" — Elemental, Fire, Attack }",Attacks Gain 17(17-18)% of Damage as Extra Fire Damage,False,
STONEFIST-0005,80,rare,likely_by_name,modifier_name,3,Prefix,Frozen,4,"{ Prefix Modifier ""Frozen"" (Tier: 4) — Damage, Elemental, Cold, Attack }",Adds 13(11-13) to 20(18-21) Cold damage to Attacks,3,Prefix,Frozen,,"{ Prefix Modifier ""Frozen"" — Elemental, Cold, Attack }",Attacks Gain 15(15-16)% of Damage as Extra Cold Damage,False,
STONEFIST-0005,80,rare,likely_by_name,modifier_name,4,Suffix,of the Desperate,1,"{ Suffix Modifier ""of the Desperate"" (Tier: 1) — Mana, Physical, Attack }",Leech 8.47(8-8.9)% of Physical Attack Damage as Mana,4,Suffix,of the Desperate,,"{ Suffix Modifier ""of the Desperate"" — Mana }",Leech 12.26(12-13)% of Physical Attack Damage as Mana | Leech Mana 22(25-20)% slower,False,
STONEFIST-0005,80,rare,likely_by_name,modifier_name,5,Suffix,of Nourishment,1,"{ Suffix Modifier ""of Nourishment"" (Tier: 1) — Life, Attack }",Gain 5 Life per Enemy Hit with Attacks,5,Suffix,of Nourishment,,"{ Suffix Modifier ""of Nourishment"" — Life }",Gain 13(13-15) Life per Enemy Hit with Attacks if you have dealt a Critical Hit Recently,False,
STONEFIST-0005,80,rare,likely_by_name,modifier_name,6,Suffix,of the Lamprey,2,"{ Suffix Modifier ""of the Lamprey"" (Tier: 2) — Life, Physical, Attack }",Leech 8.26(8-8.9)% of Physical Attack Damage as Life,6,Suffix,of the Lamprey,,"{ Suffix Modifier ""of the Lamprey"" — Life }",Leech 13.17(12-13.9)% of Physical Attack Damage as Life | Leech Life 21(25-20)% slower,False,
STONEFIST-0007,80,magic,confirmed_isolated,isolated,1,Suffix,of the Lost,6,"{ Suffix Modifier ""of the Lost"" (Tier: 6) — Chaos, Resistance }",+7(4-7)% to Chaos Resistance,1,Suffix,of the Lost,,"{ Suffix Modifier ""of the Lost"" — Chaos, Resistance }",+1% to Maximum Chaos Resistance | +7(6-9)% to Chaos Resistance,False,
STONEFIST-0008,80,magic,likely_by_name,modifier_name,1,Prefix,Healthy,8,"{ Prefix Modifier ""Healthy"" (Tier: 8) — Life }",+25(20-29) to maximum Life,1,Prefix,Healthy,,"{ Prefix Modifier ""Healthy"" }",6% less damage taken while on Low Life,False,
STONEFIST-0008,80,magic,likely_by_name,modifier_name,2,Suffix,of Valour,3,"{ Suffix Modifier ""of Valour"" (Tier: 3) — Life }",Gain 43(41-53) Life per enemy killed,2,Suffix,of Valour,,"{ Suffix Modifier ""of Valour"" — Life }",Recover 2% of maximum Life on Kill,False,
STONEFIST-0009,80,rare,likely_by_name,modifier_name,1,Prefix,Opalescent,3,"{ Prefix Modifier ""Opalescent"" (Tier: 3) — Mana }",+80(80-89) to maximum Mana,1,Prefix,Opalescent,,"{ Prefix Modifier ""Opalescent"" }",22(22-23)% more Attack damage while on Low Mana,False,
STONEFIST-0009,80,rare,likely_by_name,modifier_name,2,Prefix,Frozen,4,"{ Prefix Modifier ""Frozen"" (Tier: 4) — Damage, Elemental, Cold, Attack }",Adds 12(11-13) to 18(18-21) Cold damage to Attacks,2,Prefix,Frozen,,"{ Prefix Modifier ""Frozen"" — Elemental, Cold, Attack }",Attacks Gain 16(15-16)% of Damage as Extra Cold Damage,False,
STONEFIST-0009,80,rare,likely_by_name,modifier_name,3,Suffix,of the Drake,6,"{ Suffix Modifier ""of the Drake"" (Tier: 6) — Elemental, Fire, Resistance }",+19(16-20)% to Fire Resistance,3,Suffix,of the Drake,,"{ Suffix Modifier ""of the Drake"" — Elemental, Fire, Resistance }",+1% to Maximum Fire Resistance | +24(21-25)% to Fire Resistance,False,
STONEFIST-0009,80,rare,likely_by_name,modifier_name,4,Suffix,of the Parched,4,"{ Suffix Modifier ""of the Parched"" (Tier: 4) — Mana, Physical, Attack }",Leech 5.78(5-5.9)% of Physical Attack Damage as Mana,4,Suffix,of the Parched,,"{ Suffix Modifier ""of the Parched"" — Mana }",Leech 8.2(8-8.9)% of Physical Attack Damage as Mana | Leech Mana 20(25-20)% slower,False,
STONEFIST-0010,80,magic,likely_by_name,modifier_name,1,Prefix,Polished,7,"{ Prefix Modifier ""Polished"" (Tier: 7) — Damage, Physical, Attack }",Adds 2(2-4) to 7(5-8) Physical Damage to Attacks,1,Prefix,Polished,,"{ Prefix Modifier ""Polished"" — Physical, Attack }",Attacks Gain 12% of Damage as Extra Physical Damage,False,
STONEFIST-0010,80,magic,likely_by_name,modifier_name,2,Suffix,of the Cloud,8,"{ Suffix Modifier ""of the Cloud"" (Tier: 8) — Elemental, Lightning, Resistance }",+9(6-10)% to Lightning Resistance,2,Suffix,of the Cloud,,"{ Suffix Modifier ""of the Cloud"" — Elemental, Lightning, Resistance }",+1% to Maximum Lightning Resistance | +12(11-15)% to Lightning Resistance,False,
STONEFIST-0011,80,magic,likely_by_name,modifier_name,1,Prefix,Sanguine,7,"{ Prefix Modifier ""Sanguine"" (Tier: 7) — Life }",+32(30-39) to maximum Life,1,Prefix,Sanguine,,"{ Prefix Modifier ""Sanguine"" }",7% less damage taken while on Low Life,False,
STONEFIST-0011,80,magic,likely_by_name,modifier_name,2,Suffix,of the Drake,6,"{ Suffix Modifier ""of the Drake"" (Tier: 6) — Elemental, Fire, Resistance }",+20(16-20)% to Fire Resistance,2,Suffix,of the Drake,,"{ Suffix Modifier ""of the Drake"" — Elemental, Fire, Resistance }",+1% to Maximum Fire Resistance | +21(21-25)% to Fire Resistance,False,
STONEFIST-0012,80,rare,likely_by_name,modifier_name,1,Prefix,Ephemeral,4,"{ Prefix Modifier ""Ephemeral"" (Tier: 4) — Evasion, Energy Shield }",65(56-67)% increased Evasion and Energy Shield,1,Prefix,Ephemeral,,"{ Prefix Modifier ""Ephemeral"" — Evasion, Energy Shield }",13(13-14)% more Global Evasion Rating and Energy Shield,False,
STONEFIST-0012,80,rare,likely_by_name,modifier_name,2,Prefix,Opalescent,3,"{ Prefix Modifier ""Opalescent"" (Tier: 3) — Mana }",+87(80-89) to maximum Mana,2,Prefix,Opalescent,,"{ Prefix Modifier ""Opalescent"" }",23(22-23)% more Attack damage while on Low Mana,False,
STONEFIST-0012,80,rare,likely_by_name,modifier_name,3,Prefix,Steady,4,"{ Prefix Modifier ""Steady"" (Tier: 4) — Attack }",+231(168-236) to Accuracy Rating,3,Prefix,Steady,,"{ Prefix Modifier ""Steady"" — Attack }",27(27-29)% chance to Blind Enemies on Hit with Attacks,False,
STONEFIST-0012,80,rare,likely_by_name,modifier_name,4,Suffix,of Plunder,3,"{ Suffix Modifier ""of Plunder"" (Tier: 3) }",9(6-10)% increased Rarity of Items found,4,Suffix,of Plunder,,"{ Suffix Modifier ""of Plunder"" }",19(15-20)% increased Quantity of Gold Dropped by Slain Enemies,False,
STONEFIST-0012,80,rare,likely_by_name,modifier_name,5,Suffix,of Curvation,3,"{ Suffix Modifier ""of Curvation"" (Tier: 3) — Evasion }",Gain Deflection Rating equal to 15(15-17)% of Evasion Rating,5,Suffix,of Curvation,,"{ Suffix Modifier ""of Curvation"" }",Prevent +5% of Damage from Deflected Hits,False,
STONEFIST-0012,80,rare,likely_by_name,modifier_name,6,Suffix,of the Arid,3,"{ Suffix Modifier ""of the Arid"" (Tier: 3) — Mana, Physical, Attack }",Leech 6.04(6-6.9)% of Physical Attack Damage as Mana,6,Suffix,of the Arid,,"{ Suffix Modifier ""of the Arid"" — Mana }",Leech 9.94(9-10.9)% of Physical Attack Damage as Mana | Leech Mana 25(25-20)% slower,False,
STONEFIST-0013,80,magic,confirmed_isolated,isolated,1,Prefix,Annealed,4,"{ Prefix Modifier ""Annealed"" (Tier: 4) — Damage, Physical, Attack }",Adds 7(6-10) to 12(12-17) Physical Damage to Attacks,1,Prefix,Annealed,,"{ Prefix Modifier ""Annealed"" — Physical, Attack }",Attacks Gain 15(15-16)% of Damage as Extra Physical Damage,False,
STONEFIST-0015,80,magic,likely_by_name,modifier_name,1,Prefix,Frosted,9,"{ Prefix Modifier ""Frosted"" (Tier: 9) — Damage, Elemental, Cold, Attack }",Adds 1 to 2(2-3) Cold damage to Attacks,1,Prefix,Frosted,,"{ Prefix Modifier ""Frosted"" — Elemental, Cold, Attack }",Attacks Gain 10% of Damage as Extra Cold Damage,False,
STONEFIST-0015,80,magic,likely_by_name,modifier_name,2,Suffix,of Combat,2,"{ Suffix Modifier ""of Combat"" (Tier: 2) — Attack }",+1 to Level of all Melee Skills,2,Suffix,of Combat,,"{ Suffix Modifier ""of Combat"" — Gem }",+12(10-12)% to Quality of all Skills,False,
STONEFIST-0016,80,magic,likely_by_name,modifier_name,1,Prefix,Frozen,4,"{ Prefix Modifier ""Frozen"" (Tier: 4) — Damage, Elemental, Cold, Attack }",Adds 11(11-13) to 19(18-21) Cold damage to Attacks,1,Prefix,Frozen,,"{ Prefix Modifier ""Frozen"" — Elemental, Cold, Attack }",Attacks Gain 15(15-16)% of Damage as Extra Cold Damage,False,
STONEFIST-0016,80,magic,likely_by_name,modifier_name,2,Suffix,of Mastery,2,"{ Suffix Modifier ""of Mastery"" (Tier: 2) — Attack, Speed }",12(11-13)% increased Attack Speed,2,Suffix,of Mastery,,"{ Suffix Modifier ""of Mastery"" }",23(20-24)% chance to gain Onslaught for 4 seconds on Hit,False,
STONEFIST-0017,80,rare,likely_by_name,modifier_name,1,Prefix,Deliberate,6,"{ Prefix Modifier ""Deliberate"" (Tier: 6) — Attack }",+104(85-123) to Accuracy Rating,1,Prefix,Deliberate,,"{ Prefix Modifier ""Deliberate"" — Attack }",23(21-23)% chance to Blind Enemies on Hit with Attacks,False,
STONEFIST-0017,80,rare,likely_by_name,modifier_name,2,Prefix,Monk's,6,"{ Prefix Modifier ""Monk's"" (Tier: 6) — Life, Energy Shield }",13(6-13)% increased Energy Shield | +8(7-10) to maximum Life,2,Prefix,Monk's,,"{ Prefix Modifier ""Monk's"" }","3% of Damage Taken Recouped as Life, Mana and Energy Shield",False,
STONEFIST-0017,80,rare,likely_by_name,modifier_name,3,Suffix,of the Polar Bear,3,"{ Suffix Modifier ""of the Polar Bear"" (Tier: 3) — Elemental, Cold, Resistance }",+35(31-35)% to Cold Resistance,3,Suffix,of the Polar Bear,,"{ Suffix Modifier ""of the Polar Bear"" — Elemental, Cold, Resistance }",+2% to Maximum Cold Resistance | +32(31-35)% to Cold Resistance,False,
STONEFIST-0017,80,rare,likely_by_name,modifier_name,4,Suffix,of Rage,3,"{ Suffix Modifier ""of Rage"" (Tier: 3) — Damage, Critical }",23(20-24)% increased Critical Damage Bonus,4,Suffix,of Rage,,"{ Suffix Modifier ""of Rage"" — Critical }",+1.8(1.6-2)% to Critical Hit Chance,False,
STONEFIST-0018,80,rare,likely_by_name,modifier_name,1,Prefix,Illusory,1,"{ Prefix Modifier ""Illusory"" (Tier: 1) — Evasion, Energy Shield }",100(92-100)% increased Evasion and Energy Shield,1,Prefix,Illusory,,"{ Prefix Modifier ""Illusory"" — Evasion, Energy Shield }",20(19-20)% more Global Evasion Rating and Energy Shield,False,
STONEFIST-0018,80,rare,likely_by_name,modifier_name,2,Prefix,Freezing,5,"{ Prefix Modifier ""Freezing"" (Tier: 5) — Damage, Elemental, Cold, Attack }",Adds 9(9-10) to 17(15-17) Cold damage to Attacks,2,Prefix,Freezing,,"{ Prefix Modifier ""Freezing"" — Elemental, Cold, Attack }",Attacks Gain 14% of Damage as Extra Cold Damage,False,
STONEFIST-0018,80,rare,likely_by_name,modifier_name,3,Prefix,Chalybeous,1,"{ Prefix Modifier ""Chalybeous"" (Tier: 1) — Mana }",+108(105-124) to maximum Mana,3,Prefix,Chalybeous,,"{ Prefix Modifier ""Chalybeous"" }",26(26-27)% more Attack damage while on Low Mana,False,
STONEFIST-0018,80,rare,likely_by_name,modifier_name,4,Suffix,of the Yeti,5,"{ Suffix Modifier ""of the Yeti"" (Tier: 5) — Elemental, Cold, Resistance }",+25(21-25)% to Cold Resistance,4,Suffix,of the Yeti,,"{ Suffix Modifier ""of the Yeti"" — Elemental, Cold, Resistance }",+2% to Maximum Cold Resistance | +22(21-25)% to Cold Resistance,False,
STONEFIST-0018,80,rare,likely_by_name,modifier_name,5,Suffix,of the Sage,3,"{ Suffix Modifier ""of the Sage"" (Tier: 3) — Attribute }",+27(25-27) to Intelligence,5,Suffix,of the Sage,,"{ Suffix Modifier ""of the Sage"" }",28(25-28)% increased Cooldown Recovery Rate,False,
STONEFIST-0019,80,rare,likely_by_name,modifier_name,1,Prefix,Fortified,4,"{ Prefix Modifier ""Fortified"" (Tier: 4) — Armour }",+80(78-98) to Armour,1,Prefix,Fortified,,"{ Prefix Modifier ""Fortified"" }",Has +2 to Evasion Rating per player level | Has +1 to maximum Energy Shield per player level,False,
STONEFIST-0019,80,rare,likely_by_name,modifier_name,2,Prefix,Scorching,4,"{ Prefix Modifier ""Scorching"" (Tier: 4) — Damage, Elemental, Fire, Attack }",Adds 13(11-16) to 26(21-26) Fire damage to Attacks,2,Prefix,Scorching,,"{ Prefix Modifier ""Scorching"" — Elemental, Fire, Attack }",Attacks Gain 15(15-16)% of Damage as Extra Fire Damage,False,
STONEFIST-0019,80,rare,likely_by_name,modifier_name,3,Prefix,Athlete's,1,"{ Prefix Modifier ""Athlete's"" (Tier: 1) — Life }",+121(120-149) to maximum Life,3,Prefix,Athlete's,,"{ Prefix Modifier ""Athlete's"" }",13% less damage taken while on Low Life,False,
STONEFIST-0019,80,rare,likely_by_name,modifier_name,4,Suffix,of the Drake,6,"{ Suffix Modifier ""of the Drake"" (Tier: 6) — Elemental, Fire, Resistance }",+16(16-20)% to Fire Resistance,4,Suffix,of the Drake,,"{ Suffix Modifier ""of the Drake"" — Elemental, Fire, Resistance }",+1% to Maximum Fire Resistance | +23(21-25)% to Fire Resistance,False,
STONEFIST-0020,80,rare,likely_by_name,modifier_name,1,Prefix,Druid's,4,"{ Prefix Modifier ""Druid's"" (Tier: 4) — Life, Armour, Energy Shield }",22(21-26)% increased Armour and Energy Shield | +21(20-25) to maximum Life,1,Prefix,Druid's,,"{ Prefix Modifier ""Druid's"" }","5% of Damage Taken Recouped as Life, Mana and Energy Shield",False,
STONEFIST-0020,80,rare,likely_by_name,modifier_name,2,Prefix,Glaciated,3,"{ Prefix Modifier ""Glaciated"" (Tier: 3) — Damage, Elemental, Cold, Attack }",Adds 15(14-15) to 23(22-24) Cold damage to Attacks,2,Prefix,Glaciated,,"{ Prefix Modifier ""Glaciated"" — Elemental, Cold, Attack }",Attacks Gain 17(17-18)% of Damage as Extra Cold Damage,False,
STONEFIST-0020,80,rare,likely_by_name,modifier_name,3,Suffix,of Combat,2,"{ Suffix Modifier ""of Combat"" (Tier: 2) — Attack }",+1 to Level of all Melee Skills,3,Suffix,of Combat,,"{ Suffix Modifier ""of Combat"" — Gem }",+10(10-12)% to Quality of all Skills,False,
STONEFIST-0020,80,rare,likely_by_name,modifier_name,4,Suffix,of the Drake,6,"{ Suffix Modifier ""of the Drake"" (Tier: 6) — Elemental, Fire, Resistance }",+17(16-20)% to Fire Resistance,4,Suffix,of the Drake,,"{ Suffix Modifier ""of the Drake"" — Elemental, Fire, Resistance }",+1% to Maximum Fire Resistance | +22(21-25)% to Fire Resistance,False,
STONEFIST-0021,80,rare,likely_by_name,modifier_name,1,Prefix,Cherub's,1,"{ Prefix Modifier ""Cherub's"" (Tier: 1) — Evasion, Energy Shield }",+77(65-78) to Evasion Rating | +22(22-25) to maximum Energy Shield,1,Prefix,Cherub's,,"{ Prefix Modifier ""Cherub's"" }",Has +4 to Evasion Rating per player level | Has +1 to maximum Energy Shield per player level,False,
STONEFIST-0021,80,rare,likely_by_name,modifier_name,2,Prefix,Robust,4,"{ Prefix Modifier ""Robust"" (Tier: 4) — Life }",+79(70-84) to maximum Life,2,Prefix,Robust,,"{ Prefix Modifier ""Robust"" }",10% less damage taken while on Low Life,False,
STONEFIST-0021,80,rare,likely_by_name,modifier_name,3,Prefix,Gleaming,5,"{ Prefix Modifier ""Gleaming"" (Tier: 5) — Damage, Physical, Attack }",Adds 5(5-7) to 11(9-13) Physical Damage to Attacks,3,Prefix,Gleaming,,"{ Prefix Modifier ""Gleaming"" — Physical, Attack }",Attacks Gain 14% of Damage as Extra Physical Damage,False,
STONEFIST-0021,80,rare,likely_by_name,modifier_name,4,Suffix,of the Arid,3,"{ Suffix Modifier ""of the Arid"" (Tier: 3) — Mana, Physical, Attack }",Leech 6.41(6-6.9)% of Physical Attack Damage as Mana,4,Suffix,of the Arid,,"{ Suffix Modifier ""of the Arid"" — Mana }",Leech 10.6(9-10.9)% of Physical Attack Damage as Mana | Leech Mana 23(25-20)% slower,False,
STONEFIST-0021,80,rare,likely_by_name,modifier_name,5,Suffix,of the Walrus,4,"{ Suffix Modifier ""of the Walrus"" (Tier: 4) — Elemental, Cold, Resistance }",+26(26-30)% to Cold Resistance,5,Suffix,of the Walrus,,"{ Suffix Modifier ""of the Walrus"" — Elemental, Cold, Resistance }",+2% to Maximum Cold Resistance | +28(26-30)% to Cold Resistance,False,
STONEFIST-0021,80,rare,likely_by_name,modifier_name,6,Suffix,of the Remora,3,"{ Suffix Modifier ""of the Remora"" (Tier: 3) — Life, Physical, Attack }",Leech 7.24(7-7.9)% of Physical Attack Damage as Life,6,Suffix,of the Remora,,"{ Suffix Modifier ""of the Remora"" — Life }",Leech 11.32(11-11.9)% of Physical Attack Damage as Life | Leech Life 24(25-20)% slower,False,
STONEFIST-0022,80,magic,confirmed_isolated,isolated,1,Suffix,of Devouring,2,"{ Suffix Modifier ""of Devouring"" (Tier: 2) — Mana }",Gain 29(28-35) Mana per enemy killed,1,Suffix,of Devouring,,"{ Suffix Modifier ""of Devouring"" — Mana }",Recover 2% of maximum Mana on Kill,False,
STONEFIST-0023,80,magic,likely_by_name,modifier_name,1,Prefix,Hero's,2,"{ Prefix Modifier ""Hero's"" (Tier: 2) — Armour, Evasion }",80(80-91)% increased Armour and Evasion,1,Prefix,Hero's,,"{ Prefix Modifier ""Hero's"" — Evasion, Energy Shield }",18(17-18)% more Global Evasion Rating and Energy Shield,False,
STONEFIST-0023,80,magic,likely_by_name,modifier_name,2,Suffix,of the Lightning,2,"{ Suffix Modifier ""of the Lightning"" (Tier: 2) — Elemental, Lightning, Resistance }",+38(36-40)% to Lightning Resistance,2,Suffix,of the Lightning,,"{ Suffix Modifier ""of the Lightning"" — Elemental, Lightning, Resistance }",+2% to Maximum Lightning Resistance | +37(36-40)% to Lightning Resistance,False,
STONEFIST-0024,80,rare,likely_by_name,modifier_name,1,Prefix,Virile,2,"{ Prefix Modifier ""Virile"" (Tier: 2) — Life }",+109(100-119) to maximum Life,1,Prefix,Virile,,"{ Prefix Modifier ""Virile"" }",12% less damage taken while on Low Life,False,
STONEFIST-0024,80,rare,likely_by_name,modifier_name,2,Prefix,Azure,7,"{ Prefix Modifier ""Azure"" (Tier: 7) — Mana }",+25(25-34) to maximum Mana,2,Prefix,Azure,,"{ Prefix Modifier ""Azure"" }",15(14-15)% more Attack damage while on Low Mana,False,
STONEFIST-0024,80,rare,likely_by_name,modifier_name,3,Prefix,Arcing,4,"{ Prefix Modifier ""Arcing"" (Tier: 4) — Damage, Elemental, Lightning, Attack }",Adds 2(1-2) to 39(33-40) Lightning damage to Attacks,3,Prefix,Arcing,,"{ Prefix Modifier ""Arcing"" — Elemental, Lightning, Attack }",Attacks Gain 16(15-16)% of Damage as Extra Lightning Damage,False,
STONEFIST-0024,80,rare,likely_by_name,modifier_name,4,Suffix,of the Furnace,4,"{ Suffix Modifier ""of the Furnace"" (Tier: 4) — Elemental, Fire, Resistance }",+30(26-30)% to Fire Resistance,4,Suffix,of the Furnace,,"{ Suffix Modifier ""of the Furnace"" — Elemental, Fire, Resistance }",+2% to Maximum Fire Resistance | +26(26-30)% to Fire Resistance,False,
STONEFIST-0024,80,rare,likely_by_name,modifier_name,5,Suffix,of the Fox,7,"{ Suffix Modifier ""of the Fox"" (Tier: 7) — Attribute }",+16(13-16) to Dexterity,5,Suffix,of the Fox,,"{ Suffix Modifier ""of the Fox"" }",+26(23-26)% Surpassing chance to fire an additional Projectile,False,
STONEFIST-0024,80,rare,likely_by_name,modifier_name,6,Suffix,of Raiding,2,"{ Suffix Modifier ""of Raiding"" (Tier: 2) }",12(11-14)% increased Rarity of Items found,6,Suffix,of Raiding,,"{ Suffix Modifier ""of Raiding"" }",24(21-25)% increased Quantity of Gold Dropped by Slain Enemies,False,
STONEFIST-0025,80,magic,likely_by_name,modifier_name,1,Prefix,Agile,7,"{ Prefix Modifier ""Agile"" (Tier: 7) — Evasion }",+15(11-18) to Evasion Rating,1,Prefix,Agile,,"{ Prefix Modifier ""Agile"" }",Has +1 to Evasion Rating per player level | Has +1 to maximum Energy Shield per player level,False,
STONEFIST-0025,80,magic,likely_by_name,modifier_name,2,Suffix,of the Vampire,1,"{ Suffix Modifier ""of the Vampire"" (Tier: 1) — Life, Physical, Attack }",Leech 9.61(9-9.9)% of Physical Attack Damage as Life,2,Suffix,of the Vampire,,"{ Suffix Modifier ""of the Vampire"" — Life }",Leech 14.96(14-15)% of Physical Attack Damage as Life | Leech Life 21(25-20)% slower,False,
STONEFIST-0026,80,magic,confirmed_isolated,isolated,1,Suffix,of Valour,3,"{ Suffix Modifier ""of Valour"" (Tier: 3) — Life }",Gain 45(41-53) Life per enemy killed,1,Suffix,of Valour,,"{ Suffix Modifier ""of Valour"" — Life }",Recover 2% of maximum Life on Kill,False,
STONEFIST-0027,80,rare,likely_by_name,modifier_name,1,Prefix,Teal,6,"{ Prefix Modifier ""Teal"" (Tier: 6) — Mana }",+45(35-54) to maximum Mana,1,Prefix,Teal,,"{ Prefix Modifier ""Teal"" }",17(16-17)% more Attack damage while on Low Mana,False,
STONEFIST-0027,80,rare,likely_by_name,modifier_name,2,Prefix,Sanguine,7,"{ Prefix Modifier ""Sanguine"" (Tier: 7) — Life }",+32(30-39) to maximum Life,2,Prefix,Sanguine,,"{ Prefix Modifier ""Sanguine"" }",7% less damage taken while on Low Life,False,
STONEFIST-0027,80,rare,likely_by_name,modifier_name,3,Prefix,Unworldly,5,"{ Prefix Modifier ""Unworldly"" (Tier: 5) — Evasion, Energy Shield }",51(43-55)% increased Evasion and Energy Shield,3,Prefix,Unworldly,,"{ Prefix Modifier ""Unworldly"" — Evasion, Energy Shield }",11(11-12)% more Global Evasion Rating and Energy Shield,False,
STONEFIST-0027,80,rare,likely_by_name,modifier_name,4,Suffix,of the Storm,6,"{ Suffix Modifier ""of the Storm"" (Tier: 6) — Elemental, Lightning, Resistance }",+19(16-20)% to Lightning Resistance,4,Suffix,of the Storm,,"{ Suffix Modifier ""of the Storm"" — Elemental, Lightning, Resistance }",+1% to Maximum Lightning Resistance | +21(21-25)% to Lightning Resistance,False,
STONEFIST-0027,80,rare,likely_by_name,modifier_name,5,Suffix,of Regrowth,2,"{ Suffix Modifier ""of Regrowth"" (Tier: 2) — Life, Attack }",Gain 4 Life per Enemy Hit with Attacks,5,Suffix,of Regrowth,,"{ Suffix Modifier ""of Regrowth"" — Life }",Gain 11(10-12) Life per Enemy Hit with Attacks if you have dealt a Critical Hit Recently,False,
STONEFIST-0027,80,rare,likely_by_name,modifier_name,6,Suffix,of the Parched,4,"{ Suffix Modifier ""of the Parched"" (Tier: 4) — Mana, Physical, Attack }",Leech 5.87(5-5.9)% of Physical Attack Damage as Mana,6,Suffix,of the Parched,,"{ Suffix Modifier ""of the Parched"" — Mana }",Leech 8.09(8-8.9)% of Physical Attack Damage as Mana | Leech Mana 22(25-20)% slower,False,
STONEFIST-0028,80,rare,likely_by_name,modifier_name,1,Prefix,Poet's,6,"{ Prefix Modifier ""Poet's"" (Tier: 6) — Life, Evasion, Energy Shield }",11(6-13)% increased Evasion and Energy Shield | +8(7-10) to maximum Life,1,Prefix,Poet's,,"{ Prefix Modifier ""Poet's"" }","3% of Damage Taken Recouped as Life, Mana and Energy Shield",False,
STONEFIST-0028,80,rare,likely_by_name,modifier_name,2,Suffix,of the Penguin,7,"{ Suffix Modifier ""of the Penguin"" (Tier: 7) — Elemental, Cold, Resistance }",+13(11-15)% to Cold Resistance,2,Suffix,of the Penguin,,"{ Suffix Modifier ""of the Penguin"" — Elemental, Cold, Resistance }",+1% to Maximum Cold Resistance | +20(16-20)% to Cold Resistance,False,
STONEFIST-0028,80,rare,likely_by_name,modifier_name,3,Suffix,of Plunder,3,"{ Suffix Modifier ""of Plunder"" (Tier: 3) }",6(6-10)% increased Rarity of Items found,3,Suffix,of Plunder,,"{ Suffix Modifier ""of Plunder"" }",15(15-20)% increased Quantity of Gold Dropped by Slain Enemies,False,
STONEFIST-0028,80,rare,likely_by_name,modifier_name,4,Suffix,of Combat,2,"{ Suffix Modifier ""of Combat"" (Tier: 2) — Attack }",+1 to Level of all Melee Skills,4,Suffix,of Combat,,"{ Suffix Modifier ""of Combat"" — Gem }",+10(10-12)% to Quality of all Skills,False,
STONEFIST-0029,80,rare,likely_by_name,modifier_name,1,Prefix,Annealed,4,"{ Prefix Modifier ""Annealed"" (Tier: 4) — Damage, Physical, Attack }",Adds 6(6-10) to 15(12-17) Physical Damage to Attacks,1,Prefix,Annealed,,"{ Prefix Modifier ""Annealed"" — Physical, Attack }",Attacks Gain 15(15-16)% of Damage as Extra Physical Damage,False,
STONEFIST-0029,80,rare,likely_by_name,modifier_name,2,Prefix,Glimmering,6,"{ Prefix Modifier ""Glimmering"" (Tier: 6) — Energy Shield }",+18(18-24) to maximum Energy Shield,2,Prefix,Glimmering,,"{ Prefix Modifier ""Glimmering"" }",Has +1 to Evasion Rating per player level | Has +1 to maximum Energy Shield per player level,False,
STONEFIST-0029,80,rare,likely_by_name,modifier_name,3,Suffix,of Archaeology,1,"{ Suffix Modifier ""of Archaeology"" (Tier: 1) }",17(15-18)% increased Rarity of Items found,3,Suffix,of Archaeology,,"{ Suffix Modifier ""of Archaeology"" }",30(26-30)% increased Quantity of Gold Dropped by Slain Enemies,False,
STONEFIST-0029,80,rare,likely_by_name,modifier_name,4,Suffix,of the Pupil,8,"{ Suffix Modifier ""of the Pupil"" (Tier: 8) — Attribute }",+5(5-8) to Intelligence,4,Suffix,of the Pupil,,"{ Suffix Modifier ""of the Pupil"" }",8(5-8)% increased Cooldown Recovery Rate,False,
STONEFIST-0029,80,rare,likely_by_name,modifier_name,5,Suffix,of the Skilled,2,"{ Suffix Modifier ""of the Skilled"" (Tier: 2) }",30% reduced Attribute Requirements,5,Suffix,of the Skilled,,"{ Suffix Modifier ""of the Skilled"" — Attribute }",+24(21-25) to all Attributes,False,
STONEFIST-0030,80,magic,likely_by_name,modifier_name,1,Prefix,Ingrained,6,"{ Prefix Modifier ""Ingrained"" (Tier: 6) — Armour, Energy Shield }",32(27-42)% increased Armour and Energy Shield,1,Prefix,Ingrained,,"{ Prefix Modifier ""Ingrained"" — Evasion, Energy Shield }",10(9-10)% more Global Evasion Rating and Energy Shield,False,
STONEFIST-0030,80,magic,likely_by_name,modifier_name,2,Suffix,of the Lynx,8,"{ Suffix Modifier ""of the Lynx"" (Tier: 8) — Attribute }",+10(9-12) to Dexterity,2,Suffix,of the Lynx,,"{ Suffix Modifier ""of the Lynx"" }",+19(19-22)% Surpassing chance to fire an additional Projectile,False,
STONEFIST-0031,80,rare,likely_by_name,modifier_name,1,Prefix,Burnished,8,"{ Prefix Modifier ""Burnished"" (Tier: 8) — Damage, Physical, Attack }",Adds 2(2-3) to 4(4-6) Physical Damage to Attacks,1,Prefix,Burnished,,"{ Prefix Modifier ""Burnished"" — Physical, Attack }",Attacks Gain 11% of Damage as Extra Physical Damage,False,
STONEFIST-0031,80,rare,likely_by_name,modifier_name,2,Prefix,Hale,9,"{ Prefix Modifier ""Hale"" (Tier: 9) — Life }",+11(10-19) to maximum Life,2,Prefix,Hale,,"{ Prefix Modifier ""Hale"" }",5% less damage taken while on Low Life,False,
STONEFIST-0031,80,rare,likely_by_name,modifier_name,3,Suffix,of the Seal,8,"{ Suffix Modifier ""of the Seal"" (Tier: 8) — Elemental, Cold, Resistance }",+10(6-10)% to Cold Resistance,3,Suffix,of the Seal,,"{ Suffix Modifier ""of the Seal"" — Elemental, Cold, Resistance }",+1% to Maximum Cold Resistance | +13(11-15)% to Cold Resistance,False,
STONEFIST-0031,80,rare,likely_by_name,modifier_name,4,Suffix,of the Fox,7,"{ Suffix Modifier ""of the Fox"" (Tier: 7) — Attribute }",+13(13-16) to Dexterity,4,Suffix,of the Fox,,"{ Suffix Modifier ""of the Fox"" }",+26(23-26)% Surpassing chance to fire an additional Projectile,False,
STONEFIST-0031,80,rare,likely_by_name,modifier_name,5,Suffix,of Restoration,3,"{ Suffix Modifier ""of Restoration"" (Tier: 3) — Life, Attack }",Gain 3 Life per Enemy Hit with Attacks,5,Suffix,of Restoration,,"{ Suffix Modifier ""of Restoration"" — Life }",Gain 9(7-9) Life per Enemy Hit with Attacks if you have dealt a Critical Hit Recently,False,
STONEFIST-0032,80,rare,likely_by_name,modifier_name,1,Prefix,Polished,7,"{ Prefix Modifier ""Polished"" (Tier: 7) — Damage, Physical, Attack }",Adds 3(2-4) to 7(5-8) Physical Damage to Attacks,1,Prefix,Polished,,"{ Prefix Modifier ""Polished"" — Physical, Attack }",Attacks Gain 12% of Damage as Extra Physical Damage,False,
STONEFIST-0032,80,rare,likely_by_name,modifier_name,2,Prefix,Flea's,6,"{ Prefix Modifier ""Flea's"" (Tier: 6) — Life, Evasion }",12(6-13)% increased Evasion Rating | +10(7-10) to maximum Life,2,Prefix,Flea's,,"{ Prefix Modifier ""Flea's"" }","3% of Damage Taken Recouped as Life, Mana and Energy Shield",False,
STONEFIST-0032,80,rare,likely_by_name,modifier_name,3,Suffix,of the Squall,7,"{ Suffix Modifier ""of the Squall"" (Tier: 7) — Elemental, Lightning, Resistance }",+12(11-15)% to Lightning Resistance,3,Suffix,of the Squall,,"{ Suffix Modifier ""of the Squall"" — Elemental, Lightning, Resistance }",+1% to Maximum Lightning Resistance | +16(16-20)% to Lightning Resistance,False,
STONEFIST-0033,80,magic,likely_by_name,modifier_name,1,Prefix,Deliberate,6,"{ Prefix Modifier ""Deliberate"" (Tier: 6) — Attack }",+116(85-123) to Accuracy Rating,1,Prefix,Deliberate,,"{ Prefix Modifier ""Deliberate"" — Attack }",21(21-23)% chance to Blind Enemies on Hit with Attacks,False,
STONEFIST-0033,80,magic,likely_by_name,modifier_name,2,Suffix,of Vanquishing,4,"{ Suffix Modifier ""of Vanquishing"" (Tier: 4) — Life }",Gain 39(29-40) Life per enemy killed,2,Suffix,of Vanquishing,,"{ Suffix Modifier ""of Vanquishing"" — Life }",Recover 2% of maximum Life on Kill,False,
STONEFIST-0034,80,rare,likely_by_name,modifier_name,1,Prefix,Haruspex's,3,"{ Prefix Modifier ""Haruspex's"" (Tier: 3) — Life, Armour, Energy Shield }",31(27-32)% increased Armour and Energy Shield | +31(26-32) to maximum Life,1,Prefix,Haruspex's,,"{ Prefix Modifier ""Haruspex's"" }","6% of Damage Taken Recouped as Life, Mana and Energy Shield",False,
STONEFIST-0034,80,rare,likely_by_name,modifier_name,2,Suffix,of the Goliath,3,"{ Suffix Modifier ""of the Goliath"" (Tier: 3) — Attribute }",+27(25-27) to Strength,2,Suffix,of the Goliath,,"{ Suffix Modifier ""of the Goliath"" — Attack }",25(23-25)% increased Area of Effect for Attacks,False,
STONEFIST-0034,80,rare,likely_by_name,modifier_name,3,Suffix,of Combat,2,"{ Suffix Modifier ""of Combat"" (Tier: 2) — Attack }",+1 to Level of all Melee Skills,3,Suffix,of Combat,,"{ Suffix Modifier ""of Combat"" — Gem }",+12(10-12)% to Quality of all Skills,False,
STONEFIST-0034,80,rare,likely_by_name,modifier_name,4,Suffix,of Raiding,2,"{ Suffix Modifier ""of Raiding"" (Tier: 2) }",12(11-14)% increased Rarity of Items found,4,Suffix,of Raiding,,"{ Suffix Modifier ""of Raiding"" }",24(21-25)% increased Quantity of Gold Dropped by Slain Enemies,False,
STONEFIST-0035,80,rare,likely_by_name,modifier_name,1,Prefix,Auspex's,5,"{ Prefix Modifier ""Auspex's"" (Tier: 5) — Life, Armour, Energy Shield }",18(14-20)% increased Armour and Energy Shield | +11(11-19) to maximum Life,1,Prefix,Auspex's,,"{ Prefix Modifier ""Auspex's"" }","4% of Damage Taken Recouped as Life, Mana and Energy Shield",False,
STONEFIST-0035,80,rare,likely_by_name,modifier_name,2,Suffix,of the Volcano,3,"{ Suffix Modifier ""of the Volcano"" (Tier: 3) — Elemental, Fire, Resistance }",+35(31-35)% to Fire Resistance,2,Suffix,of the Volcano,,"{ Suffix Modifier ""of the Volcano"" — Elemental, Fire, Resistance }",+2% to Maximum Fire Resistance | +32(31-35)% to Fire Resistance,False,
STONEFIST-0035,80,rare,likely_by_name,modifier_name,3,Suffix,of Raiding,2,"{ Suffix Modifier ""of Raiding"" (Tier: 2) }",12(11-14)% increased Rarity of Items found,3,Suffix,of Raiding,,"{ Suffix Modifier ""of Raiding"" }",22(21-25)% increased Quantity of Gold Dropped by Slain Enemies,False,
STONEFIST-0035,80,rare,likely_by_name,modifier_name,4,Suffix,of the Falcon,6,"{ Suffix Modifier ""of the Falcon"" (Tier: 6) — Attribute }",+17(17-20) to Dexterity,4,Suffix,of the Falcon,,"{ Suffix Modifier ""of the Falcon"" }",+27(27-30)% Surpassing chance to fire an additional Projectile,False,
STONEFIST-0036,80,rare,likely_by_name,modifier_name,1,Prefix,Nymph's,3,"{ Prefix Modifier ""Nymph's"" (Tier: 3) — Evasion, Energy Shield }",+12(11-41) to Evasion Rating | +10(9-15) to maximum Energy Shield,1,Prefix,Nymph's,,"{ Prefix Modifier ""Nymph's"" }",Has +2 to Evasion Rating per player level | Has +1 to maximum Energy Shield per player level,False,
STONEFIST-0036,80,rare,likely_by_name,modifier_name,2,Prefix,Azure,7,"{ Prefix Modifier ""Azure"" (Tier: 7) — Mana }",+32(25-34) to maximum Mana,2,Prefix,Azure,,"{ Prefix Modifier ""Azure"" }",15(14-15)% more Attack damage while on Low Mana,False,
STONEFIST-0036,80,rare,likely_by_name,modifier_name,3,Prefix,Hale,9,"{ Prefix Modifier ""Hale"" (Tier: 9) — Life }",+19(10-19) to maximum Life,3,Prefix,Hale,,"{ Prefix Modifier ""Hale"" }",5% less damage taken while on Low Life,False,
STONEFIST-0036,80,rare,likely_by_name,modifier_name,4,Suffix,of Skill,4,"{ Suffix Modifier ""of Skill"" (Tier: 4) — Attack, Speed }",7(5-7)% increased Attack Speed,4,Suffix,of Skill,,"{ Suffix Modifier ""of Skill"" }",8(8-12)% chance to gain Onslaught for 4 seconds on Hit,False,
STONEFIST-0036,80,rare,likely_by_name,modifier_name,5,Suffix,of the Salamander,7,"{ Suffix Modifier ""of the Salamander"" (Tier: 7) — Elemental, Fire, Resistance }",+14(11-15)% to Fire Resistance,5,Suffix,of the Salamander,,"{ Suffix Modifier ""of the Salamander"" — Elemental, Fire, Resistance }",+1% to Maximum Fire Resistance | +19(16-20)% to Fire Resistance,False,
STONEFIST-0036,80,rare,likely_by_name,modifier_name,6,Suffix,of the Seal,8,"{ Suffix Modifier ""of the Seal"" (Tier: 8) — Elemental, Cold, Resistance }",+8(6-10)% to Cold Resistance,6,Suffix,of the Seal,,"{ Suffix Modifier ""of the Seal"" — Elemental, Cold, Resistance }",+1% to Maximum Cold Resistance | +12(11-15)% to Cold Resistance,False,
STONEFIST-0037,80,rare,likely_by_name,modifier_name,1,Prefix,Inspired,1,"{ Prefix Modifier ""Inspired"" (Tier: 1) — Armour, Energy Shield }",92(92-100)% increased Armour and Energy Shield,1,Prefix,Inspired,,"{ Prefix Modifier ""Inspired"" — Evasion, Energy Shield }",20(19-20)% more Global Evasion Rating and Energy Shield,False,
STONEFIST-0037,80,rare,likely_by_name,modifier_name,2,Prefix,Cobalt,8,"{ Prefix Modifier ""Cobalt"" (Tier: 8) — Mana }",+20(15-24) to maximum Mana,2,Prefix,Cobalt,,"{ Prefix Modifier ""Cobalt"" }",13(12-13)% more Attack damage while on Low Mana,False,
STONEFIST-0037,80,rare,likely_by_name,modifier_name,3,Suffix,of the Seal,8,"{ Suffix Modifier ""of the Seal"" (Tier: 8) — Elemental, Cold, Resistance }",+7(6-10)% to Cold Resistance,3,Suffix,of the Seal,,"{ Suffix Modifier ""of the Seal"" — Elemental, Cold, Resistance }",+1% to Maximum Cold Resistance | +14(11-15)% to Cold Resistance,False,
STONEFIST-0037,80,rare,likely_by_name,modifier_name,4,Suffix,of Sheathing,4,"{ Suffix Modifier ""of Sheathing"" (Tier: 4) — Armour, Elemental }",+20(20-25)% of Armour also applies to Elemental Damage,4,Suffix,of Sheathing,,"{ Suffix Modifier ""of Sheathing"" — Elemental, Fire, Cold, Lightning, Resistance }",+14(13-15)% to all Elemental Resistances,False,
STONEFIST-0038,80,rare,likely_by_name,modifier_name,1,Prefix,Mouflon's,4,"{ Prefix Modifier ""Mouflon's"" (Tier: 4) — Life, Evasion }",22(21-26)% increased Evasion Rating | +23(20-25) to maximum Life,1,Prefix,Mouflon's,,"{ Prefix Modifier ""Mouflon's"" }","5% of Damage Taken Recouped as Life, Mana and Energy Shield",False,
STONEFIST-0038,80,rare,likely_by_name,modifier_name,2,Prefix,Cerulean,5,"{ Prefix Modifier ""Cerulean"" (Tier: 5) — Mana }",+60(55-64) to maximum Mana,2,Prefix,Cerulean,,"{ Prefix Modifier ""Cerulean"" }",19(18-19)% more Attack damage while on Low Mana,False,
STONEFIST-0038,80,rare,likely_by_name,modifier_name,3,Prefix,Shade's,7,"{ Prefix Modifier ""Shade's"" (Tier: 7) — Evasion }",26(15-26)% increased Evasion Rating,3,Prefix,Shade's,,"{ Prefix Modifier ""Shade's"" — Evasion, Energy Shield }",7(7-8)% more Global Evasion Rating and Energy Shield,False,
STONEFIST-0038,80,rare,likely_by_name,modifier_name,4,Suffix,of the Kiln,5,"{ Suffix Modifier ""of the Kiln"" (Tier: 5) — Elemental, Fire, Resistance }",+25(21-25)% to Fire Resistance,4,Suffix,of the Kiln,,"{ Suffix Modifier ""of the Kiln"" — Elemental, Fire, Resistance }",+2% to Maximum Fire Resistance | +22(21-25)% to Fire Resistance,False,
STONEFIST-0039,80,rare,likely_by_name,modifier_name,1,Prefix,Annealed,4,"{ Prefix Modifier ""Annealed"" (Tier: 4) — Damage, Physical, Attack }",Adds 10(6-10) to 16(12-17) Physical Damage to Attacks,1,Prefix,Annealed,,"{ Prefix Modifier ""Annealed"" — Physical, Attack }",Attacks Gain 16(15-16)% of Damage as Extra Physical Damage,False,
STONEFIST-0039,80,rare,likely_by_name,modifier_name,2,Prefix,Phased,2,"{ Prefix Modifier ""Phased"" (Tier: 2) — Evasion }",+143(117-146) to Evasion Rating,2,Prefix,Phased,,"{ Prefix Modifier ""Phased"" }",Has +3 to Evasion Rating per player level | Has +1 to maximum Energy Shield per player level,False,
STONEFIST-0039,80,rare,likely_by_name,modifier_name,3,Prefix,Crackling,6,"{ Prefix Modifier ""Crackling"" (Tier: 6) — Damage, Elemental, Lightning, Attack }",Adds 1 to 23(23-27) Lightning damage to Attacks,3,Prefix,Crackling,,"{ Prefix Modifier ""Crackling"" — Elemental, Lightning, Attack }",Attacks Gain 13% of Damage as Extra Lightning Damage,False,
STONEFIST-0039,80,rare,likely_by_name,modifier_name,4,Suffix,of Triumph,6,"{ Suffix Modifier ""of Triumph"" (Tier: 6) — Life }",Gain 12(10-18) Life per enemy killed,4,Suffix,of Triumph,,"{ Suffix Modifier ""of Triumph"" — Life }",Recover 1% of maximum Life on Kill,False,
STONEFIST-0039,80,rare,likely_by_name,modifier_name,5,Suffix,of Eviction,4,"{ Suffix Modifier ""of Eviction"" (Tier: 4) — Chaos, Resistance }",+13(12-15)% to Chaos Resistance,5,Suffix,of Eviction,,"{ Suffix Modifier ""of Eviction"" — Chaos, Resistance }",+1% to Maximum Chaos Resistance | +15(14-17)% to Chaos Resistance,False,
STONEFIST-0040,80,magic,likely_by_name,modifier_name,1,Prefix,Sanguine,7,"{ Prefix Modifier ""Sanguine"" (Tier: 7) — Life }",+38(30-39) to maximum Life,1,Prefix,Sanguine,,"{ Prefix Modifier ""Sanguine"" }",7% less damage taken while on Low Life,False,
STONEFIST-0040,80,magic,likely_by_name,modifier_name,2,Suffix,of the Penguin,7,"{ Suffix Modifier ""of the Penguin"" (Tier: 7) — Elemental, Cold, Resistance }",+13(11-15)% to Cold Resistance,2,Suffix,of the Penguin,,"{ Suffix Modifier ""of the Penguin"" — Elemental, Cold, Resistance }",+1% to Maximum Cold Resistance | +18(16-20)% to Cold Resistance,False,
STONEFIST-0041,80,rare,likely_by_name,modifier_name,1,Prefix,Glinting,9,"{ Prefix Modifier ""Glinting"" (Tier: 9) — Damage, Physical, Attack }",Adds 2(1-2) to 3 Physical Damage to Attacks,1,Prefix,Glinting,,"{ Prefix Modifier ""Glinting"" — Physical, Attack }",Attacks Gain 10% of Damage as Extra Physical Damage,False,
STONEFIST-0041,80,rare,likely_by_name,modifier_name,2,Suffix,of Ire,5,"{ Suffix Modifier ""of Ire"" (Tier: 5) — Damage, Critical }",14(10-14)% increased Critical Damage Bonus,2,Suffix,of Ire,,"{ Suffix Modifier ""of Ire"" — Critical }",+0.61(0.5-1)% to Critical Hit Chance,False,
STONEFIST-0041,80,rare,likely_by_name,modifier_name,3,Suffix,of the Mongoose,9,"{ Suffix Modifier ""of the Mongoose"" (Tier: 9) — Attribute }",+7(5-8) to Dexterity,3,Suffix,of the Mongoose,,"{ Suffix Modifier ""of the Mongoose"" }",+17(15-18)% Surpassing chance to fire an additional Projectile,False,
STONEFIST-0042,80,rare,likely_by_name,modifier_name,1,Prefix,Beryl,9,"{ Prefix Modifier ""Beryl"" (Tier: 9) — Mana }",+10(10-14) to maximum Mana,1,Prefix,Beryl,,"{ Prefix Modifier ""Beryl"" }",10(10-11)% more Attack damage while on Low Mana,False,
STONEFIST-0042,80,rare,likely_by_name,modifier_name,2,Prefix,Deliberate,6,"{ Prefix Modifier ""Deliberate"" (Tier: 6) — Attack }",+103(85-123) to Accuracy Rating,2,Prefix,Deliberate,,"{ Prefix Modifier ""Deliberate"" — Attack }",21(21-23)% chance to Blind Enemies on Hit with Attacks,False,
STONEFIST-0042,80,rare,likely_by_name,modifier_name,3,Prefix,Icy,7,"{ Prefix Modifier ""Icy"" (Tier: 7) — Damage, Elemental, Cold, Attack }",Adds 5(5-6) to 11(9-11) Cold damage to Attacks,3,Prefix,Icy,,"{ Prefix Modifier ""Icy"" — Elemental, Cold, Attack }",Attacks Gain 12% of Damage as Extra Cold Damage,False,
STONEFIST-0042,80,rare,likely_by_name,modifier_name,4,Suffix,of Infusion,6,"{ Suffix Modifier ""of Infusion"" (Tier: 6) — Mana }",Gain 6(6-9) Mana per enemy killed,4,Suffix,of Infusion,,"{ Suffix Modifier ""of Infusion"" — Mana }",Recover 1% of maximum Mana on Kill,False,
STONEFIST-0042,80,rare,likely_by_name,modifier_name,5,Suffix,of the Drought,2,"{ Suffix Modifier ""of the Drought"" (Tier: 2) — Mana, Physical, Attack }",Leech 7.46(7-7.9)% of Physical Attack Damage as Mana,5,Suffix,of the Drought,,"{ Suffix Modifier ""of the Drought"" — Mana }",Leech 11.18(11-11.9)% of Physical Attack Damage as Mana | Leech Mana 25(25-20)% slower,False,
STONEFIST-0042,80,rare,likely_by_name,modifier_name,6,Suffix,of Conquest,5,"{ Suffix Modifier ""of Conquest"" (Tier: 5) — Life }",Gain 23(19-28) Life per enemy killed,6,Suffix,of Conquest,,"{ Suffix Modifier ""of Conquest"" — Life }",Recover 2% of maximum Life on Kill,False,
STONEFIST-0043,80,rare,likely_by_name,modifier_name,1,Prefix,Burnished,8,"{ Prefix Modifier ""Burnished"" (Tier: 8) — Damage, Physical, Attack }",Adds 3(2-3) to 4(4-6) Physical Damage to Attacks,1,Prefix,Burnished,,"{ Prefix Modifier ""Burnished"" — Physical, Attack }",Attacks Gain 11% of Damage as Extra Physical Damage,False,
STONEFIST-0043,80,rare,likely_by_name,modifier_name,2,Prefix,Stout,5,"{ Prefix Modifier ""Stout"" (Tier: 5) — Life }",+69(60-69) to maximum Life,2,Prefix,Stout,,"{ Prefix Modifier ""Stout"" }",9% less damage taken while on Low Life,False,
STONEFIST-0043,80,rare,likely_by_name,modifier_name,3,Suffix,of the Apt,4,"{ Suffix Modifier ""of the Apt"" (Tier: 4) }",20% reduced Attribute Requirements,3,Suffix,of the Apt,,"{ Suffix Modifier ""of the Apt"" — Attribute }",+15(11-15) to all Attributes,False,
STONEFIST-0044,80,rare,likely_by_name,modifier_name,1,Prefix,Reliable,8,"{ Prefix Modifier ""Reliable"" (Tier: 8) — Attack }",+45(33-60) to Accuracy Rating,1,Prefix,Reliable,,"{ Prefix Modifier ""Reliable"" — Attack }",15(15-17)% chance to Blind Enemies on Hit with Attacks,False,
STONEFIST-0044,80,rare,likely_by_name,modifier_name,2,Prefix,Glinting,9,"{ Prefix Modifier ""Glinting"" (Tier: 9) — Damage, Physical, Attack }",Adds 1(1-2) to 3 Physical Damage to Attacks,2,Prefix,Glinting,,"{ Prefix Modifier ""Glinting"" — Physical, Attack }",Attacks Gain 10% of Damage as Extra Physical Damage,False,
STONEFIST-0044,80,rare,likely_by_name,modifier_name,3,Suffix,of the Squall,7,"{ Suffix Modifier ""of the Squall"" (Tier: 7) — Elemental, Lightning, Resistance }",+14(11-15)% to Lightning Resistance,3,Suffix,of the Squall,,"{ Suffix Modifier ""of the Squall"" — Elemental, Lightning, Resistance }",+1% to Maximum Lightning Resistance | +19(16-20)% to Lightning Resistance,False,
STONEFIST-0044,80,rare,likely_by_name,modifier_name,4,Suffix,of the Lynx,8,"{ Suffix Modifier ""of the Lynx"" (Tier: 8) — Attribute }",+10(9-12) to Dexterity,4,Suffix,of the Lynx,,"{ Suffix Modifier ""of the Lynx"" }",+19(19-22)% Surpassing chance to fire an additional Projectile,False,
STONEFIST-0045,80,magic,likely_by_name,modifier_name,1,Prefix,Humming,9,"{ Prefix Modifier ""Humming"" (Tier: 9) — Damage, Elemental, Lightning, Attack }",Adds 1 to 6(4-6) Lightning damage to Attacks,1,Prefix,Humming,,"{ Prefix Modifier ""Humming"" — Elemental, Lightning, Attack }",Attacks Gain 10% of Damage as Extra Lightning Damage,False,
STONEFIST-0045,80,magic,likely_by_name,modifier_name,2,Suffix,of Plunder,3,"{ Suffix Modifier ""of Plunder"" (Tier: 3) }",10(6-10)% increased Rarity of Items found,2,Suffix,of Plunder,,"{ Suffix Modifier ""of Plunder"" }",20(15-20)% increased Quantity of Gold Dropped by Slain Enemies,False,
STONEFIST-0046,80,rare,likely_by_name,modifier_name,1,Prefix,Crackling,6,"{ Prefix Modifier ""Crackling"" (Tier: 6) — Damage, Elemental, Lightning, Attack }",Adds 1 to 27(23-27) Lightning damage to Attacks,1,Prefix,Crackling,,"{ Prefix Modifier ""Crackling"" — Elemental, Lightning, Attack }",Attacks Gain 13% of Damage as Extra Lightning Damage,False,
STONEFIST-0046,80,rare,likely_by_name,modifier_name,2,Prefix,Chalybeous,1,"{ Prefix Modifier ""Chalybeous"" (Tier: 1) — Mana }",+107(105-124) to maximum Mana,2,Prefix,Chalybeous,,"{ Prefix Modifier ""Chalybeous"" }",27(26-27)% more Attack damage while on Low Mana,False,
STONEFIST-0046,80,rare,likely_by_name,modifier_name,3,Suffix,of the Savant,2,"{ Suffix Modifier ""of the Savant"" (Tier: 2) — Attribute }",+29(28-30) to Intelligence,3,Suffix,of the Savant,,"{ Suffix Modifier ""of the Savant"" }",31(29-32)% increased Cooldown Recovery Rate,False,
STONEFIST-0046,80,rare,likely_by_name,modifier_name,4,Suffix,of Infusion,6,"{ Suffix Modifier ""of Infusion"" (Tier: 6) — Mana }",Gain 9(6-9) Mana per enemy killed,4,Suffix,of Infusion,,"{ Suffix Modifier ""of Infusion"" — Mana }",Recover 1% of maximum Mana on Kill,False,
STONEFIST-0046,80,rare,likely_by_name,modifier_name,5,Suffix,of Raiding,2,"{ Suffix Modifier ""of Raiding"" (Tier: 2) }",14(11-14)% increased Rarity of Items found,5,Suffix,of Raiding,,"{ Suffix Modifier ""of Raiding"" }",25(21-25)% increased Quantity of Gold Dropped by Slain Enemies,False,
STONEFIST-0047,80,rare,likely_by_name,modifier_name,1,Prefix,Beryl,9,"{ Prefix Modifier ""Beryl"" (Tier: 9) — Mana }",+14(10-14) to maximum Mana,1,Prefix,Beryl,,"{ Prefix Modifier ""Beryl"" }",10(10-11)% more Attack damage while on Low Mana,False,
STONEFIST-0047,80,rare,likely_by_name,modifier_name,2,Prefix,Thug's,5,"{ Prefix Modifier ""Thug's"" (Tier: 5) — Life, Armour, Evasion }",16(14-20)% increased Armour and Evasion | +18(11-19) to maximum Life,2,Prefix,Thug's,,"{ Prefix Modifier ""Thug's"" }","4% of Damage Taken Recouped as Life, Mana and Energy Shield",False,
STONEFIST-0047,80,rare,likely_by_name,modifier_name,3,Suffix,of Raiding,2,"{ Suffix Modifier ""of Raiding"" (Tier: 2) }",12(11-14)% increased Rarity of Items found,3,Suffix,of Raiding,,"{ Suffix Modifier ""of Raiding"" }",21(21-25)% increased Quantity of Gold Dropped by Slain Enemies,False,
STONEFIST-0047,80,rare,likely_by_name,modifier_name,4,Suffix,of the Storm,6,"{ Suffix Modifier ""of the Storm"" (Tier: 6) — Elemental, Lightning, Resistance }",+16(16-20)% to Lightning Resistance,4,Suffix,of the Storm,,"{ Suffix Modifier ""of the Storm"" — Elemental, Lightning, Resistance }",+1% to Maximum Lightning Resistance | +24(21-25)% to Lightning Resistance,False,
STONEFIST-0048,80,rare,likely_by_name,modifier_name,1,Prefix,Acrobat's,5,"{ Prefix Modifier ""Acrobat's"" (Tier: 5) — Evasion }",+60(47-66) to Evasion Rating,1,Prefix,Acrobat's,,"{ Prefix Modifier ""Acrobat's"" }",Has +2 to Evasion Rating per player level | Has +1 to maximum Energy Shield per player level,False,
STONEFIST-0048,80,rare,likely_by_name,modifier_name,2,Prefix,Cobalt,8,"{ Prefix Modifier ""Cobalt"" (Tier: 8) — Mana }",+16(15-24) to maximum Mana,2,Prefix,Cobalt,,"{ Prefix Modifier ""Cobalt"" }",12(12-13)% more Attack damage while on Low Mana,False,
STONEFIST-0048,80,rare,likely_by_name,modifier_name,3,Prefix,Polished,7,"{ Prefix Modifier ""Polished"" (Tier: 7) — Damage, Physical, Attack }",Adds 2(2-4) to 7(5-8) Physical Damage to Attacks,3,Prefix,Polished,,"{ Prefix Modifier ""Polished"" — Physical, Attack }",Attacks Gain 12% of Damage as Extra Physical Damage,False,
STONEFIST-0048,80,rare,likely_by_name,modifier_name,4,Suffix,of the Kiln,5,"{ Suffix Modifier ""of the Kiln"" (Tier: 5) — Elemental, Fire, Resistance }",+24(21-25)% to Fire Resistance,4,Suffix,of the Kiln,,"{ Suffix Modifier ""of the Kiln"" — Elemental, Fire, Resistance }",+2% to Maximum Fire Resistance | +22(21-25)% to Fire Resistance,False,
STONEFIST-0048,80,rare,likely_by_name,modifier_name,5,Suffix,of Combat,2,"{ Suffix Modifier ""of Combat"" (Tier: 2) — Attack }",+1 to Level of all Melee Skills,5,Suffix,of Combat,,"{ Suffix Modifier ""of Combat"" — Gem }",+11(10-12)% to Quality of all Skills,False,
STONEFIST-0048,80,rare,likely_by_name,modifier_name,6,Suffix,of the Seal,8,"{ Suffix Modifier ""of the Seal"" (Tier: 8) — Elemental, Cold, Resistance }",+9(6-10)% to Cold Resistance,6,Suffix,of the Seal,,"{ Suffix Modifier ""of the Seal"" — Elemental, Cold, Resistance }",+1% to Maximum Cold Resistance | +12(11-15)% to Cold Resistance,False,
STONEFIST-0049,80,magic,confirmed_isolated,isolated,1,Prefix,Gleaming,5,"{ Prefix Modifier ""Gleaming"" (Tier: 5) — Damage, Physical, Attack }",Adds 7(5-7) to 12(9-13) Physical Damage to Attacks,1,Prefix,Gleaming,,"{ Prefix Modifier ""Gleaming"" — Physical, Attack }",Attacks Gain 14% of Damage as Extra Physical Damage,False,
STONEFIST-0050,80,rare,likely_by_name,modifier_name,1,Prefix,Hale,9,"{ Prefix Modifier ""Hale"" (Tier: 9) — Life }",+12(10-19) to maximum Life,1,Prefix,Hale,,"{ Prefix Modifier ""Hale"" }",5% less damage taken while on Low Life,False,
STONEFIST-0050,80,rare,likely_by_name,modifier_name,2,Suffix,of Success,8,"{ Suffix Modifier ""of Success"" (Tier: 8) — Life }",Gain 5(4-6) Life per enemy killed,2,Suffix,of Success,,"{ Suffix Modifier ""of Success"" — Life }",Recover 1% of maximum Life on Kill,False,
STONEFIST-0050,80,rare,likely_by_name,modifier_name,3,Suffix,of the Mongoose,9,"{ Suffix Modifier ""of the Mongoose"" (Tier: 9) — Attribute }",+6(5-8) to Dexterity,3,Suffix,of the Mongoose,,"{ Suffix Modifier ""of the Mongoose"" }",+18(15-18)% Surpassing chance to fire an additional Projectile,False,
STONEFIST-0050,80,rare,likely_by_name,modifier_name,4,Suffix,of Skill,4,"{ Suffix Modifier ""of Skill"" (Tier: 4) — Attack, Speed }",7(5-7)% increased Attack Speed,4,Suffix,of Skill,,"{ Suffix Modifier ""of Skill"" }",11(8-12)% chance to gain Onslaught for 4 seconds on Hit,False,
STONEFIST-0051,80,rare,likely_by_name,modifier_name,1,Prefix,Cerulean,5,"{ Prefix Modifier ""Cerulean"" (Tier: 5) — Mana }",+60(55-64) to maximum Mana,1,Prefix,Cerulean,,"{ Prefix Modifier ""Cerulean"" }",19(18-19)% more Attack damage while on Low Mana,False,
STONEFIST-0051,80,rare,likely_by_name,modifier_name,2,Suffix,of Raiding,2,"{ Suffix Modifier ""of Raiding"" (Tier: 2) }",11(11-14)% increased Rarity of Items found,2,Suffix,of Raiding,,"{ Suffix Modifier ""of Raiding"" }",22(21-25)% increased Quantity of Gold Dropped by Slain Enemies,False,
STONEFIST-0051,80,rare,likely_by_name,modifier_name,3,Suffix,of the Parched,4,"{ Suffix Modifier ""of the Parched"" (Tier: 4) — Mana, Physical, Attack }",Leech 5.79(5-5.9)% of Physical Attack Damage as Mana,4,Suffix,of the Parched,,"{ Suffix Modifier ""of the Parched"" — Mana }",Leech 8.44(8-8.9)% of Physical Attack Damage as Mana | Leech Mana 22(25-20)% slower,False,
STONEFIST-0051,80,rare,likely_by_name,modifier_name,4,Crafted Suffix,of the Squall,7,"{ Crafted Suffix Modifier ""of the Squall"" (Tier: 7) — Elemental, Lightning, Resistance }",+15(11-15)% to Lightning Resistance,3,Suffix,of the Squall,,"{ Suffix Modifier ""of the Squall"" — Elemental, Lightning, Resistance }",+1% to Maximum Lightning Resistance | +18(16-20)% to Lightning Resistance,False,
STONEFIST-0065,80,magic,confirmed_isolated,isolated,1,Prefix,Unassailable,1,"{ Prefix Modifier ""Unassailable"" (Tier: 1) — Energy Shield }",97(92-100)% increased Energy Shield,1,Prefix,Unassailable,,"{ Prefix Modifier ""Unassailable"" — Evasion, Energy Shield }",20(19-20)% more Global Evasion Rating and Energy Shield,False,
STONEFIST-0066,80,rare,likely_by_name,modifier_name,1,Prefix,Gleaming,5,"{ Prefix Modifier ""Gleaming"" (Tier: 5) — Damage, Physical, Attack }",Adds 5(5-7) to 11(9-13) Physical Damage to Attacks,1,Prefix,Gleaming,,"{ Prefix Modifier ""Gleaming"" — Physical, Attack }",Attacks Gain 14% of Damage as Extra Physical Damage,False,
STONEFIST-0066,80,rare,likely_by_name,modifier_name,2,Prefix,Discharging,2,"{ Prefix Modifier ""Discharging"" (Tier: 2) — Damage, Elemental, Lightning, Attack }",Adds 1(1-3) to 51(48-59) Lightning damage to Attacks,2,Prefix,Discharging,,"{ Prefix Modifier ""Discharging"" — Elemental, Lightning, Attack }",Attacks Gain 19(19-20)% of Damage as Extra Lightning Damage,False,
STONEFIST-0066,80,rare,likely_by_name,modifier_name,3,Prefix,Virile,2,"{ Prefix Modifier ""Virile"" (Tier: 2) — Life }",+108(100-119) to maximum Life,3,Prefix,Virile,,"{ Prefix Modifier ""Virile"" }",12% less damage taken while on Low Life,False,
STONEFIST-0066,80,rare,likely_by_name,modifier_name,4,Suffix,of the Phantom,2,"{ Suffix Modifier ""of the Phantom"" (Tier: 2) — Attribute }",+33(31-33) to Dexterity,4,Suffix,of the Phantom,,"{ Suffix Modifier ""of the Phantom"" }",+50(46-50)% Surpassing chance to fire an additional Projectile,False,
STONEFIST-0066,80,rare,likely_by_name,modifier_name,5,Suffix,of the Desperate,1,"{ Suffix Modifier ""of the Desperate"" (Tier: 1) — Mana, Physical, Attack }",Leech 8.52(8-8.9)% of Physical Attack Damage as Mana,5,Suffix,of the Desperate,,"{ Suffix Modifier ""of the Desperate"" — Mana }",Leech 12.5(12-13)% of Physical Attack Damage as Mana | Leech Mana 23(25-20)% slower,False,
STONEFIST-0066,80,rare,likely_by_name,modifier_name,6,Suffix,of the Furnace,4,"{ Suffix Modifier ""of the Furnace"" (Tier: 4) — Elemental, Fire, Resistance }",+30(26-30)% to Fire Resistance,6,Suffix,of the Furnace,,"{ Suffix Modifier ""of the Furnace"" — Elemental, Fire, Resistance }",+2% to Maximum Fire Resistance | +29(26-30)% to Fire Resistance,False,
STONEFIST-0067,80,rare,likely_by_name,modifier_name,1,Prefix,Hale,9,"{ Prefix Modifier ""Hale"" (Tier: 9) — Life }",+14(10-19) to maximum Life,1,Prefix,Hale,,"{ Prefix Modifier ""Hale"" }",5% less damage taken while on Low Life,False,
STONEFIST-0067,80,rare,likely_by_name,modifier_name,2,Prefix,Burnished,8,"{ Prefix Modifier ""Burnished"" (Tier: 8) — Damage, Physical, Attack }",Adds 3(2-3) to 4(4-6) Physical Damage to Attacks,2,Prefix,Burnished,,"{ Prefix Modifier ""Burnished"" — Physical, Attack }",Attacks Gain 11% of Damage as Extra Physical Damage,False,
STONEFIST-0067,80,rare,likely_by_name,modifier_name,3,Suffix,of Rejuvenation,4,"{ Suffix Modifier ""of Rejuvenation"" (Tier: 4) — Life, Attack }",Gain 2 Life per Enemy Hit with Attacks,3,Suffix,of Rejuvenation,,"{ Suffix Modifier ""of Rejuvenation"" — Life }",Gain 6(4-6) Life per Enemy Hit with Attacks if you have dealt a Critical Hit Recently,False,
STONEFIST-0068,80,rare,likely_by_name,modifier_name,1,Prefix,Virile,2,"{ Prefix Modifier ""Virile"" (Tier: 2) — Life }",+117(100-119) to maximum Life,1,Prefix,Virile,,"{ Prefix Modifier ""Virile"" }",12% less damage taken while on Low Life,False,
STONEFIST-0068,80,rare,likely_by_name,modifier_name,2,Prefix,Cobalt,8,"{ Prefix Modifier ""Cobalt"" (Tier: 8) — Mana }",+20(15-24) to maximum Mana,2,Prefix,Cobalt,,"{ Prefix Modifier ""Cobalt"" }",12(12-13)% more Attack damage while on Low Mana,False,
STONEFIST-0068,80,rare,likely_by_name,modifier_name,3,Suffix,of the Falcon,6,"{ Suffix Modifier ""of the Falcon"" (Tier: 6) — Attribute }",+17(17-20) to Dexterity,3,Suffix,of the Falcon,,"{ Suffix Modifier ""of the Falcon"" }",+30(27-30)% Surpassing chance to fire an additional Projectile,False,
STONEFIST-0068,80,rare,likely_by_name,modifier_name,4,Suffix,of the Goliath,3,"{ Suffix Modifier ""of the Goliath"" (Tier: 3) — Attribute }",+26(25-27) to Strength,4,Suffix,of the Goliath,,"{ Suffix Modifier ""of the Goliath"" — Attack }",25(23-25)% increased Area of Effect for Attacks,False,
STONEFIST-0069,80,rare,likely_by_name,modifier_name,1,Prefix,Chalybeous,1,"{ Prefix Modifier ""Chalybeous"" (Tier: 1) — Mana }",+118(105-124) to maximum Mana,1,Prefix,Chalybeous,,"{ Prefix Modifier ""Chalybeous"" }",27(26-27)% more Attack damage while on Low Mana,False,
STONEFIST-0069,80,rare,likely_by_name,modifier_name,2,Prefix,Stalwart,6,"{ Prefix Modifier ""Stalwart"" (Tier: 6) — Life }",+40(40-59) to maximum Life,2,Prefix,Stalwart,,"{ Prefix Modifier ""Stalwart"" }",8% less damage taken while on Low Life,False,
STONEFIST-0069,80,rare,likely_by_name,modifier_name,3,Suffix,of Rage,3,"{ Suffix Modifier ""of Rage"" (Tier: 3) — Damage, Critical }",22(20-24)% increased Critical Damage Bonus,3,Suffix,of Rage,,"{ Suffix Modifier ""of Rage"" — Critical }",+1.79(1.6-2)% to Critical Hit Chance,False,
STONEFIST-0069,80,rare,likely_by_name,modifier_name,4,Suffix,of the Furnace,4,"{ Suffix Modifier ""of the Furnace"" (Tier: 4) — Elemental, Fire, Resistance }",+28(26-30)% to Fire Resistance,4,Suffix,of the Furnace,,"{ Suffix Modifier ""of the Furnace"" — Elemental, Fire, Resistance }",+2% to Maximum Fire Resistance | +30(26-30)% to Fire Resistance,False,
STONEFIST-0070,80,rare,likely_by_name,modifier_name,1,Prefix,Auspex's,5,"{ Prefix Modifier ""Auspex's"" (Tier: 5) — Life, Armour, Energy Shield }",17(14-20)% increased Armour and Energy Shield | +14(11-19) to maximum Life,1,Prefix,Auspex's,,"{ Prefix Modifier ""Auspex's"" }","4% of Damage Taken Recouped as Life, Mana and Energy Shield",False,
STONEFIST-0070,80,rare,likely_by_name,modifier_name,2,Prefix,Hallowed,1,"{ Prefix Modifier ""Hallowed"" (Tier: 1) — Armour, Energy Shield }",+73(72-85) to Armour | +23(22-25) to maximum Energy Shield,2,Prefix,Hallowed,,"{ Prefix Modifier ""Hallowed"" }",Has +4 to Evasion Rating per player level | Has +1 to maximum Energy Shield per player level,False,
STONEFIST-0070,80,rare,likely_by_name,modifier_name,3,Prefix,Robust,4,"{ Prefix Modifier ""Robust"" (Tier: 4) — Life }",+83(70-84) to maximum Life,3,Prefix,Robust,,"{ Prefix Modifier ""Robust"" }",10% less damage taken while on Low Life,False,
STONEFIST-0070,80,rare,likely_by_name,modifier_name,4,Suffix,of Combat,2,"{ Suffix Modifier ""of Combat"" (Tier: 2) — Attack }",+1 to Level of all Melee Skills,4,Suffix,of Combat,,"{ Suffix Modifier ""of Combat"" — Gem }",+12(10-12)% to Quality of all Skills,False,
STONEFIST-0071,80,rare,likely_by_name,modifier_name,1,Prefix,Rotund,3,"{ Prefix Modifier ""Rotund"" (Tier: 3) — Life }",+88(85-99) to maximum Life,1,Prefix,Rotund,,"{ Prefix Modifier ""Rotund"" }",11% less damage taken while on Low Life,False,
STONEFIST-0071,80,rare,likely_by_name,modifier_name,2,Prefix,Dancer's,6,"{ Prefix Modifier ""Dancer's"" (Tier: 6) — Evasion }",+44(19-46) to Evasion Rating,2,Prefix,Dancer's,,"{ Prefix Modifier ""Dancer's"" }",Has +1 to Evasion Rating per player level | Has +1 to maximum Energy Shield per player level,False,
STONEFIST-0071,80,rare,likely_by_name,modifier_name,3,Suffix,of Absorption,8,"{ Suffix Modifier ""of Absorption"" (Tier: 8) — Mana }",Gain 2(2-3) Mana per enemy killed,3,Suffix,of Absorption,,"{ Suffix Modifier ""of Absorption"" — Mana }",Recover 1% of maximum Mana on Kill,False,
STONEFIST-0071,80,rare,likely_by_name,modifier_name,4,Suffix,of the Yeti,5,"{ Suffix Modifier ""of the Yeti"" (Tier: 5) — Elemental, Cold, Resistance }",+22(21-25)% to Cold Resistance,4,Suffix,of the Yeti,,"{ Suffix Modifier ""of the Yeti"" — Elemental, Cold, Resistance }",+2% to Maximum Cold Resistance | +22(21-25)% to Cold Resistance,False,
STONEFIST-0071,80,rare,likely_by_name,modifier_name,5,Suffix,of the Mongoose,9,"{ Suffix Modifier ""of the Mongoose"" (Tier: 9) — Attribute }",+6(5-8) to Dexterity,5,Suffix,of the Mongoose,,"{ Suffix Modifier ""of the Mongoose"" }",+15(15-18)% Surpassing chance to fire an additional Projectile,False,
STONEFIST-0072,80,rare,likely_by_name,modifier_name,1,Prefix,Ethereal,6,"{ Prefix Modifier ""Ethereal"" (Tier: 6) — Evasion, Energy Shield }",42(27-42)% increased Evasion and Energy Shield,1,Prefix,Ethereal,,"{ Prefix Modifier ""Ethereal"" — Evasion, Energy Shield }",10(9-10)% more Global Evasion Rating and Energy Shield,False,
STONEFIST-0072,80,rare,likely_by_name,modifier_name,2,Suffix,of the Prodigy,6,"{ Suffix Modifier ""of the Prodigy"" (Tier: 6) — Attribute }",+16(13-16) to Intelligence,2,Suffix,of the Prodigy,,"{ Suffix Modifier ""of the Prodigy"" }",16(13-16)% increased Cooldown Recovery Rate,False,
STONEFIST-0072,80,rare,likely_by_name,modifier_name,3,Suffix,of Combat,2,"{ Suffix Modifier ""of Combat"" (Tier: 2) — Attack }",+1 to Level of all Melee Skills,3,Suffix,of Combat,,"{ Suffix Modifier ""of Combat"" — Gem }",+10(10-12)% to Quality of all Skills,False,
STONEFIST-0072,80,rare,likely_by_name,modifier_name,4,Suffix,of the Yeti,5,"{ Suffix Modifier ""of the Yeti"" (Tier: 5) — Elemental, Cold, Resistance }",+22(21-25)% to Cold Resistance,4,Suffix,of the Yeti,,"{ Suffix Modifier ""of the Yeti"" — Elemental, Cold, Resistance }",+2% to Maximum Cold Resistance | +24(21-25)% to Cold Resistance,False,
STONEFIST-0073,80,rare,likely_by_name,modifier_name,1,Prefix,Rotund,3,"{ Prefix Modifier ""Rotund"" (Tier: 3) — Life }",+91(85-99) to maximum Life,1,Prefix,Rotund,,"{ Prefix Modifier ""Rotund"" }",11% less damage taken while on Low Life,False,
STONEFIST-0073,80,rare,likely_by_name,modifier_name,2,Prefix,Lobstered,5,"{ Prefix Modifier ""Lobstered"" (Tier: 5) — Armour }",55(43-55)% increased Armour,2,Prefix,Lobstered,,"{ Prefix Modifier ""Lobstered"" — Evasion, Energy Shield }",11(11-12)% more Global Evasion Rating and Energy Shield,False,
STONEFIST-0073,80,rare,likely_by_name,modifier_name,3,Suffix,of Rage,3,"{ Suffix Modifier ""of Rage"" (Tier: 3) — Damage, Critical }",22(20-24)% increased Critical Damage Bonus,3,Suffix,of Rage,,"{ Suffix Modifier ""of Rage"" — Critical }",+1.8(1.6-2)% to Critical Hit Chance,False,
STONEFIST-0073,80,rare,likely_by_name,modifier_name,4,Suffix,of the Storm,6,"{ Suffix Modifier ""of the Storm"" (Tier: 6) — Elemental, Lightning, Resistance }",+18(16-20)% to Lightning Resistance,4,Suffix,of the Storm,,"{ Suffix Modifier ""of the Storm"" — Elemental, Lightning, Resistance }",+1% to Maximum Lightning Resistance | +21(21-25)% to Lightning Resistance,False,
STONEFIST-0073,80,rare,likely_by_name,modifier_name,5,Suffix,of the Remora,3,"{ Suffix Modifier ""of the Remora"" (Tier: 3) — Life, Physical, Attack }",Leech 7.59(7-7.9)% of Physical Attack Damage as Life,5,Suffix,of the Remora,,"{ Suffix Modifier ""of the Remora"" — Life }",Leech 11.63(11-11.9)% of Physical Attack Damage as Life | Leech Life 25(25-20)% slower,False,
STONEFIST-0074,80,rare,likely_by_name,modifier_name,1,Prefix,Annealed,4,"{ Prefix Modifier ""Annealed"" (Tier: 4) — Damage, Physical, Attack }",Adds 9(6-10) to 15(12-17) Physical Damage to Attacks,1,Prefix,Annealed,,"{ Prefix Modifier ""Annealed"" — Physical, Attack }",Attacks Gain 15(15-16)% of Damage as Extra Physical Damage,False,
STONEFIST-0074,80,rare,likely_by_name,modifier_name,2,Prefix,Cremating,1,"{ Prefix Modifier ""Cremating"" (Tier: 1) — Damage, Elemental, Fire, Attack }",Adds 26(25-29) to 45(37-45) Fire damage to Attacks,2,Prefix,Cremating,,"{ Prefix Modifier ""Cremating"" — Elemental, Fire, Attack }",Attacks Gain 22(21-23)% of Damage as Extra Fire Damage,False,
STONEFIST-0074,80,rare,likely_by_name,modifier_name,3,Prefix,Arcing,4,"{ Prefix Modifier ""Arcing"" (Tier: 4) — Damage, Elemental, Lightning, Attack }",Adds 1(1-2) to 38(33-40) Lightning damage to Attacks,3,Prefix,Arcing,,"{ Prefix Modifier ""Arcing"" — Elemental, Lightning, Attack }",Attacks Gain 16(15-16)% of Damage as Extra Lightning Damage,False,
STONEFIST-0074,80,rare,likely_by_name,modifier_name,4,Suffix,of Legend,1,"{ Suffix Modifier ""of Legend"" (Tier: 1) — Life }",Gain 80(69-84) Life per enemy killed,4,Suffix,of Legend,,"{ Suffix Modifier ""of Legend"" — Life }",Recover 3% of maximum Life on Kill,False,
STONEFIST-0075,80,rare,likely_by_name,modifier_name,1,Prefix,Virile,2,"{ Prefix Modifier ""Virile"" (Tier: 2) — Life }",+118(100-119) to maximum Life,1,Prefix,Virile,,"{ Prefix Modifier ""Virile"" }",12% less damage taken while on Low Life,False,
STONEFIST-0075,80,rare,likely_by_name,modifier_name,2,Prefix,Beryl,9,"{ Prefix Modifier ""Beryl"" (Tier: 9) — Mana }",+14(10-14) to maximum Mana,2,Prefix,Beryl,,"{ Prefix Modifier ""Beryl"" }",11(10-11)% more Attack damage while on Low Mana,False,
STONEFIST-0075,80,rare,likely_by_name,modifier_name,3,Prefix,Razor-sharp,3,"{ Prefix Modifier ""Razor-sharp"" (Tier: 3) — Damage, Physical, Attack }",Adds 7(7-11) to 18(14-20) Physical Damage to Attacks,3,Prefix,Razor-sharp,,"{ Prefix Modifier ""Razor-sharp"" — Physical, Attack }",Attacks Gain 18(17-18)% of Damage as Extra Physical Damage,False,
STONEFIST-0075,80,rare,likely_by_name,modifier_name,4,Suffix,of Eviction,4,"{ Suffix Modifier ""of Eviction"" (Tier: 4) — Chaos, Resistance }",+14(12-15)% to Chaos Resistance,4,Suffix,of Eviction,,"{ Suffix Modifier ""of Eviction"" — Chaos, Resistance }",+1% to Maximum Chaos Resistance | +17(14-17)% to Chaos Resistance,False,
STONEFIST-0075,80,rare,likely_by_name,modifier_name,5,Suffix,of the Lightning,2,"{ Suffix Modifier ""of the Lightning"" (Tier: 2) — Elemental, Lightning, Resistance }",+38(36-40)% to Lightning Resistance,5,Suffix,of the Lightning,,"{ Suffix Modifier ""of the Lightning"" — Elemental, Lightning, Resistance }",+2% to Maximum Lightning Resistance | +36(36-40)% to Lightning Resistance,False,
STONEFIST-0076,80,magic,confirmed_isolated,isolated,1,Suffix,of Skill,4,"{ Suffix Modifier ""of Skill"" (Tier: 4) — Attack, Speed }",7(5-7)% increased Attack Speed,1,Suffix,of Skill,,"{ Suffix Modifier ""of Skill"" }",11(8-12)% chance to gain Onslaught for 4 seconds on Hit,False,
STONEFIST-0077,80,rare,likely_by_name,modifier_name,1,Prefix,Electrocuting,1,"{ Prefix Modifier ""Electrocuting"" (Tier: 1) — Damage, Elemental, Lightning, Attack }",Adds 2(1-4) to 69(60-71) Lightning damage to Attacks,1,Prefix,Electrocuting,,"{ Prefix Modifier ""Electrocuting"" — Elemental, Lightning, Attack }",Attacks Gain 22(21-23)% of Damage as Extra Lightning Damage,False,
STONEFIST-0077,80,rare,likely_by_name,modifier_name,2,Desecrated Prefix,Gleaming,5,"{ Desecrated Prefix Modifier ""Gleaming"" (Tier: 5) — Damage, Physical, Attack }",Adds 7(5-7) to 11(9-13) Physical Damage to Attacks,2,Prefix,Gleaming,,"{ Prefix Modifier ""Gleaming"" — Physical, Attack }",Attacks Gain 14% of Damage as Extra Physical Damage,False,
STONEFIST-0077,80,rare,likely_by_name,modifier_name,3,Prefix,Dauntless,3,"{ Prefix Modifier ""Dauntless"" (Tier: 3) — Energy Shield }",78(68-79)% increased Energy Shield,3,Prefix,Dauntless,,"{ Prefix Modifier ""Dauntless"" — Evasion, Energy Shield }",15(15-16)% more Global Evasion Rating and Energy Shield,False,
STONEFIST-0077,80,rare,likely_by_name,modifier_name,4,Suffix,of the Lightning,2,"{ Suffix Modifier ""of the Lightning"" (Tier: 2) — Elemental, Lightning, Resistance }",+40(36-40)% to Lightning Resistance,4,Suffix,of the Lightning,,"{ Suffix Modifier ""of the Lightning"" — Elemental, Lightning, Resistance }",+2% to Maximum Lightning Resistance | +36(36-40)% to Lightning Resistance,False,
STONEFIST-0077,80,rare,likely_by_name,modifier_name,5,Suffix,of the Jaguar,3,"{ Suffix Modifier ""of the Jaguar"" (Tier: 3) — Attribute }",+30(28-30) to Dexterity,5,Suffix,of the Jaguar,,"{ Suffix Modifier ""of the Jaguar"" }",+42(41-45)% Surpassing chance to fire an additional Projectile,False,
STONEFIST-0077,80,rare,likely_by_name,modifier_name,6,Suffix,of the Polar Bear,3,"{ Suffix Modifier ""of the Polar Bear"" (Tier: 3) — Elemental, Cold, Resistance }",+34(31-35)% to Cold Resistance,6,Suffix,of the Polar Bear,,"{ Suffix Modifier ""of the Polar Bear"" — Elemental, Cold, Resistance }",+2% to Maximum Cold Resistance | +33(31-35)% to Cold Resistance,False,
STONEFIST-0078,80,rare,likely_by_name,modifier_name,1,Prefix,Pope's,1,"{ Prefix Modifier ""Pope's"" (Tier: 1) — Life, Energy Shield }",41(39-42)% increased Energy Shield | +42(42-49) to maximum Life,1,Prefix,Pope's,,"{ Prefix Modifier ""Pope's"" }","8% of Damage Taken Recouped as Life, Mana and Energy Shield",False,
STONEFIST-0078,80,rare,likely_by_name,modifier_name,2,Suffix,of Renown,1,"{ Suffix Modifier ""of Renown"" (Tier: 1) — Attack, Speed }",16(14-16)% increased Attack Speed,2,Suffix,of Renown,,"{ Suffix Modifier ""of Renown"" }",27(26-30)% chance to gain Onslaught for 4 seconds on Hit,False,
STONEFIST-0078,80,rare,likely_by_name,modifier_name,3,Suffix,of the Proficient,1,"{ Suffix Modifier ""of the Proficient"" (Tier: 1) }",35% reduced Attribute Requirements,3,Suffix,of the Proficient,,"{ Suffix Modifier ""of the Proficient"" — Attribute }",+27(26-30) to all Attributes,False,
