test_id,category,before_item_class,before_rarity,before_name,before_base,before_item_level,before_unique_id,after_item_class,after_rarity,after_name,after_base,after_item_level,after_unique_id,character_level,captured_at,capture_version,pair_hash,before_hash,after_hash,uid_status,is_exact_duplicate,duplicate_of,duplicate_group_size,before_explicit_count,after_explicit_count,before_path,after_path
STONEFIST-0001,rare,Gloves,Rare,Dread Knuckle,Adorned Wraps,72,,Gloves,Rare,Dread Knuckle,Fists of Stone,72,,80,2026-07-05T21:53:45,2,ca6adfb1f10653a786efe4263dc718e326187384,95d14300401a5ac442cba0c6c61fdc27716cd937,7128bb9e23d534bc68c2a6ee6329e806dc0f6d8b,not present,False,,1,6,6,stonefist-captures/pairs/STONEFIST-0001/before.txt,stonefist-captures/pairs/STONEFIST-0001/after.txt
STONEFIST-0002,rare,Gloves,Rare,Vortex Grasp,Ornate Mitts,73,,Gloves,Rare,Vortex Grasp,Fists of Stone,73,,80,2026-07-05T21:53:59,2,7224a81e710fcfd24ae37154472529f76f458edb,00068cd7ddd680dda61a0f39b15a24eacefb85df,bfbabde2e48fa1fe61b8e4ff0a0b4cd308f30e2e,not present,False,,1,5,5,stonefist-captures/pairs/STONEFIST-0002/before.txt,stonefist-captures/pairs/STONEFIST-0002/after.txt
STONEFIST-0003,magic,Gloves,Magic,Shocking Bound Cuffs,,72,,Gloves,Magic,Shocking Fists of Stone,,72,,80,2026-07-05T21:54:06,2,3662775212283a6c0c3fce473ca79408d7405e61,d1095f23c458934e4ee0884e39ef4d0dffca2cc7,ab7e6d6f2dc4e708651de6941c363b67766c4794,not present,False,,1,1,1,stonefist-captures/pairs/STONEFIST-0003/before.txt,stonefist-captures/pairs/STONEFIST-0003/after.txt
STONEFIST-0004,magic,Gloves,Magic,Adorned Wraps of the Squall,,74,,Gloves,Magic,Fists of Stone of the Squall,,74,,80,2026-07-05T21:54:11,2,f9c3e3e55f73a1087efe90d28abd49ac884c1eda,6ea2c641fd1c2cbd774be22b9de2a7021023ae46,2731715d21acd1fce4aa62438977acf7f865ab53,not present,False,,1,1,1,stonefist-captures/pairs/STONEFIST-0004/before.txt,stonefist-captures/pairs/STONEFIST-0004/after.txt
STONEFIST-0005,rare,Gloves,Rare,Dusk Paw,Stalking Bracers,65,,Gloves,Rare,Dusk Paw,Fists of Stone,65,,80,2026-07-05T21:54:16,2,21b0600d95019c09a80b429aa428874e85cd72a6,f89bd0c0beb8c6ff80a52e0d82bc9482d858ca64,2c8c422bdc3d0149bbec36eeedd7fe8628ededcd,not present,False,,1,6,6,stonefist-captures/pairs/STONEFIST-0005/before.txt,stonefist-captures/pairs/STONEFIST-0005/after.txt
STONEFIST-0006,normal,Gloves,Normal,Zealot Gauntlets,,68,,Gloves,Normal,Fists of Stone,,68,,80,2026-07-05T21:54:21,2,22eb3d6a93afc5a024155bf4c8a3f00db5c5c68c,e04f4691236627217c92ebdb45a7b54403946419,afda9c6d3f9028a17bb3f976544fe23c6a243416,not present,False,,1,0,0,stonefist-captures/pairs/STONEFIST-0006/before.txt,stonefist-captures/pairs/STONEFIST-0006/after.txt
STONEFIST-0007,magic,Gloves,Magic,Layered Gauntlets of the Lost,,24,,Gloves,Magic,Fists of Stone of the Lost,,24,,80,2026-07-05T21:54:25,2,a409a346401476939662283a9a209d9a4aec47c3,2899e44c5c70fca7dfdd9dff1463f37ccf92b737,c85a293299ebb6346e22ccf4e0d3ab9eb3a56b61,not present,False,,1,1,1,stonefist-captures/pairs/STONEFIST-0007/before.txt,stonefist-captures/pairs/STONEFIST-0007/after.txt
STONEFIST-0008,magic,Gloves,Magic,Healthy Zealot Gauntlets of Valour,,63,,Gloves,Magic,Healthy Fists of Stone of Valour,,63,,80,2026-07-05T21:54:29,2,e3902ca07ea054ec9897320453588f3eae70cdc2,b3f0186e02c83a38a68f039aeaebafcc62879acb,f54b13e7ef7846bc413f81486e868b36eca18b79,not present,False,,1,2,2,stonefist-captures/pairs/STONEFIST-0008/before.txt,stonefist-captures/pairs/STONEFIST-0008/after.txt
STONEFIST-0009,rare,Gloves,Rare,Demon Fist,Baroque Gloves,63,,Gloves,Rare,Demon Fist,Fists of Stone,63,,80,2026-07-05T21:54:35,2,cfe60dc7598c934f3152fa218b6fa66461884804,12ae79481f703532ad1933560714a61a78891ed8,2b97df489d942fcf442837528b7361a88edf5466,not present,False,,1,4,4,stonefist-captures/pairs/STONEFIST-0009/before.txt,stonefist-captures/pairs/STONEFIST-0009/after.txt
STONEFIST-0010,magic,Gloves,Magic,Polished Refined Bracers of the Cloud,,63,,Gloves,Magic,Polished Fists of Stone of the Cloud,,63,,80,2026-07-05T21:54:40,2,865f6c3dee5c8d12a0060dc4c199895a92744def,53dc5d1e7d08999bf47875ed61384163832f2e80,abc7650caad4630dd5ff7b7c8274af003f6e64c4,not present,False,,1,2,2,stonefist-captures/pairs/STONEFIST-0010/before.txt,stonefist-captures/pairs/STONEFIST-0010/after.txt
STONEFIST-0011,magic,Gloves,Magic,Sanguine Spiked Bracers of the Drake,,63,,Gloves,Magic,Sanguine Fists of Stone of the Drake,,63,,80,2026-07-05T21:54:44,2,f41cbe01063ed9239e44daba9197a4090e3f4a1d,be585212fcf1f6378ab70ab887ebd08801ee8c27,0fe2b73d01091fe11e99153cbc163bbf43d73de2,not present,False,,1,2,2,stonefist-captures/pairs/STONEFIST-0011/before.txt,stonefist-captures/pairs/STONEFIST-0011/after.txt
STONEFIST-0012,rare,Gloves,Rare,Vengeance Caress,Spiral Wraps,53,,Gloves,Rare,Vengeance Caress,Fists of Stone,53,,80,2026-07-05T21:54:48,2,2ad562b000d36ce653e03098c538bdb0a578ea6c,1fa179e03b9a089540ae83b957e1096a9f08a536,05e043f1bbc1832dfc1792275fa3b08c6f39db75,not present,False,,1,6,6,stonefist-captures/pairs/STONEFIST-0012/before.txt,stonefist-captures/pairs/STONEFIST-0012/after.txt
STONEFIST-0013,magic,Gloves,Magic,Annealed Refined Bracers,,63,,Gloves,Magic,Annealed Fists of Stone,,63,,80,2026-07-05T21:54:52,2,b8122510896d84734c183a81680d527e7f46b49a,b7556a4e085277dd3b1270f9201e79497f25a596,985dd18968fc480486577df1a54bbbabb7f92bac,not present,False,,1,1,1,stonefist-captures/pairs/STONEFIST-0013/before.txt,stonefist-captures/pairs/STONEFIST-0013/after.txt
STONEFIST-0014,normal,Gloves,Normal,Bound Cuffs,,73,,Gloves,Normal,Fists of Stone,,73,,80,2026-07-05T21:54:56,2,5a2723cdd4f4466ed47974350909cfa2e53a4f64,1e53412aefeb4eba124acff18ced22b47d6d854c,f8383541462b78cd9aff8a94450ec23dd3eec173,not present,False,,1,0,0,stonefist-captures/pairs/STONEFIST-0014/before.txt,stonefist-captures/pairs/STONEFIST-0014/after.txt
STONEFIST-0015,magic,Gloves,Magic,Frosted Elegant Wraps of Combat,,73,,Gloves,Magic,Frosted Fists of Stone of Combat,,73,,80,2026-07-05T21:55:01,2,09530b8437dc9fa6439463f0e076e19fb822b42e,5b3d4b0818f881f13c8acc2b8369e8a57188f694,34a0355300cf7393ea70a25f10d232ef68977bd0,not present,False,,1,2,2,stonefist-captures/pairs/STONEFIST-0015/before.txt,stonefist-captures/pairs/STONEFIST-0015/after.txt
STONEFIST-0016,magic,Gloves,Magic,Frozen Zealot Gauntlets of Mastery,,63,,Gloves,Magic,Frozen Fists of Stone of Mastery,,63,,80,2026-07-05T21:55:06,2,9ba8cd7b2d0b3bc2fe4f6085993a90c2e2c1fbc4,f1f3514eb8d2b87a05ea8a785d319c25fa884fa0,d3138230e6fd1e250b3b12830b5645dccfabc059,not present,False,,1,2,2,stonefist-captures/pairs/STONEFIST-0016/before.txt,stonefist-captures/pairs/STONEFIST-0016/after.txt
STONEFIST-0017,rare,Gloves,Rare,Wrath Paw,Gold Gloves,62,,Gloves,Rare,Wrath Paw,Fists of Stone,62,,80,2026-07-05T21:55:11,2,9f9c59e3716cca4ed466c7a74d5646320099e895,d4f184011336dffcaac07d7f1e061dc43d18f0a8,62bc21f9f7e97288bcf6dfc06df96e0f292a0487,not present,False,,1,4,4,stonefist-captures/pairs/STONEFIST-0017/before.txt,stonefist-captures/pairs/STONEFIST-0017/after.txt
STONEFIST-0018,rare,Gloves,Rare,Agony Clutches,Elegant Wraps,71,,Gloves,Rare,Agony Clutches,Fists of Stone,71,,80,2026-07-05T21:55:16,2,01e32f74763d85b8e5d6e69b0a59970440155dc4,af06cbbec7a1809f56ba3b873a01951e2a233e35,bdee5c323771f2253c1424e8fc3b22a6422db4a7,not present,False,,1,5,5,stonefist-captures/pairs/STONEFIST-0018/before.txt,stonefist-captures/pairs/STONEFIST-0018/after.txt
STONEFIST-0019,rare,Gloves,Rare,Pain Claw,Feathered Mitts,73,,Gloves,Rare,Pain Claw,Fists of Stone,73,,80,2026-07-05T21:55:21,2,05c3d4bc95319a4fc7e5ef612d19642789856aaf,c5ac75145b00b97817f6e573e32c0859342ebde9,1c1ad51583529f329813c46ee1e449496a8aa23a,not present,False,,1,4,4,stonefist-captures/pairs/STONEFIST-0019/before.txt,stonefist-captures/pairs/STONEFIST-0019/after.txt
STONEFIST-0020,rare,Gloves,Rare,Miracle Paw,Ornate Cuffs,64,,Gloves,Rare,Miracle Paw,Fists of Stone,64,,80,2026-07-05T21:55:26,2,7bcf737142556e6fc40170f12bdaa5d9510a8ffc,4fec4ba2049ddc1a805f6121fafe5041267f4091,d469d3ab2d12472a06c61380d2bb4d13d8a40224,not present,False,,1,4,4,stonefist-captures/pairs/STONEFIST-0020/before.txt,stonefist-captures/pairs/STONEFIST-0020/after.txt
STONEFIST-0021,rare,Gloves,Rare,Doom Mitts,Runeforged Buckled Wraps,53,,Gloves,Rare,Doom Mitts,Runeforged Fists of Stone,53,,80,2026-07-05T21:55:31,2,d5651a80b80535a0b139fc3a35ef091e41023092,c27f9488a8b87ed25d7ad089159f2c7891709798,5f47354060dfe5db9c1e3c84e76e8b18807f5865,not present,False,,1,6,6,stonefist-captures/pairs/STONEFIST-0021/before.txt,stonefist-captures/pairs/STONEFIST-0021/after.txt
STONEFIST-0022,magic,Gloves,Magic,Ornate Cuffs of Devouring,,75,,Gloves,Magic,Fists of Stone of Devouring,,75,,80,2026-07-05T21:55:37,2,2efe37f917ab622e78e5cf69141100b1704cebca,cd63015cb6a7d71bf98572e737577a72c1636ee5,314c36fbca41c2eef2f79989bb156c5dc592c855,not present,False,,1,1,1,stonefist-captures/pairs/STONEFIST-0022/before.txt,stonefist-captures/pairs/STONEFIST-0022/after.txt
STONEFIST-0023,magic,Gloves,Magic,Hero's Commander Gauntlets of the Lightning,,73,,Gloves,Magic,Hero's Fists of Stone of the Lightning,,73,,80,2026-07-05T21:55:42,2,dbea20f3095ade172ca14d7541f6754a60030271,9d4c30b41d6270a81dd077390a256a2ab97409ed,4b403cf3ab19c3fe6621c7660893682db3c17bdd,not present,False,,1,2,2,stonefist-captures/pairs/STONEFIST-0023/before.txt,stonefist-captures/pairs/STONEFIST-0023/after.txt
STONEFIST-0024,rare,Gloves,Rare,Spirit Clutches,Gold Gloves,68,,Gloves,Rare,Spirit Clutches,Fists of Stone,68,,80,2026-07-05T21:55:47,2,b70ad339655f64d6c35f9fdc0a906085b1c47b6c,5280be9ef60bd90e02a49c246241e334cd90f032,f557c420968898f049c1e44f84467c09c45c32b3,not present,False,,1,6,6,stonefist-captures/pairs/STONEFIST-0024/before.txt,stonefist-captures/pairs/STONEFIST-0024/after.txt
STONEFIST-0025,magic,Gloves,Magic,Agile Stalking Bracers of the Vampire,,71,,Gloves,Magic,Agile Fists of Stone of the Vampire,,71,,80,2026-07-05T21:55:52,2,97af81e98eeb3b2c82d9b1024f7800c17c43fae2,130f14227443610b61821c77da411947a6af536e,81eaa85ee1716e75798e17a01c53f12ac9c131db,not present,False,,1,2,2,stonefist-captures/pairs/STONEFIST-0025/before.txt,stonefist-captures/pairs/STONEFIST-0025/after.txt
STONEFIST-0026,magic,Gloves,Magic,Adorned Wraps of Valour,,74,,Gloves,Magic,Fists of Stone of Valour,,74,,80,2026-07-05T21:55:56,2,340591bbbbd3e971b467b31b40c43dcd20c4d1ca,77bbb1e6200031b74bb31e265b80cf8c5ae62d97,e28c4f6bd9606aaf59e5a599a5be970e75d09555,not present,False,,1,1,1,stonefist-captures/pairs/STONEFIST-0026/before.txt,stonefist-captures/pairs/STONEFIST-0026/after.txt
STONEFIST-0027,rare,Gloves,Rare,Brimstone Talons,Spiral Wraps,35,,Gloves,Rare,Brimstone Talons,Fists of Stone,35,,80,2026-07-05T21:56:01,2,8d1801e9aee1ec7f04006ddd811df1a07ecc944e,79bac0ee30d899a756a3f3687d878dde5e71eff0,c677d0812612b60923a756ac5053d5ab26bfaabb,not present,False,,1,6,6,stonefist-captures/pairs/STONEFIST-0027/before.txt,stonefist-captures/pairs/STONEFIST-0027/after.txt
STONEFIST-0028,rare,Gloves,Rare,Storm Hold,Buckled Wraps,52,,Gloves,Rare,Storm Hold,Fists of Stone,52,,80,2026-07-05T21:56:06,2,888d23de854cb68391a656441df8d3d616f19f87,493f9e25bf37edaba075e108fe9e4959d5b263b0,0420019504376bc38e7d08462cef778a45e022ec,not present,False,,1,4,4,stonefist-captures/pairs/STONEFIST-0028/before.txt,stonefist-captures/pairs/STONEFIST-0028/after.txt
STONEFIST-0029,rare,Gloves,Rare,Onslaught Mitts,Baroque Gloves,54,,Gloves,Rare,Onslaught Mitts,Fists of Stone,54,,80,2026-07-05T21:56:11,2,339f1bca2dfbf613b685c2d69a933f9024b36249,ae0864139d68bcb6409612c4966ace1dd457aa94,74ad0be4b06aa85bef549d08e1cbfd27bcca0663,not present,False,,1,5,5,stonefist-captures/pairs/STONEFIST-0029/before.txt,stonefist-captures/pairs/STONEFIST-0029/after.txt
STONEFIST-0030,magic,Gloves,Magic,Ingrained Kalguuran Cuffs of the Lynx,,52,,Gloves,Magic,Ingrained Fists of Stone of the Lynx,,52,,80,2026-07-05T21:56:16,2,cc332311b7d99c6d4e64721f95dec7eab867ffa7,e0e1dd72b04c09ef6d027d4001a5010b792e3c92,2d206ba1b0fd9a4854b2150c1757c718744c54a5,not present,False,,1,2,2,stonefist-captures/pairs/STONEFIST-0030/before.txt,stonefist-captures/pairs/STONEFIST-0030/after.txt
STONEFIST-0031,rare,Gloves,Rare,Hate Caress,Linen Wraps,22,,Gloves,Rare,Hate Caress,Fists of Stone,22,,80,2026-07-05T21:56:21,2,a240eddea7c2c51b59981a270d970321e9192cfd,8f1241965d1def3f232a2a56a8d27db76f2297dc,7e572c968e15199e2a6a88d6fab6b54fba6e354c,not present,False,,1,5,5,stonefist-captures/pairs/STONEFIST-0031/before.txt,stonefist-captures/pairs/STONEFIST-0031/after.txt
STONEFIST-0032,rare,Gloves,Rare,Torment Touch,Bound Bracers,17,,Gloves,Rare,Torment Touch,Fists of Stone,17,,80,2026-07-05T21:56:27,2,362bed5275152d19d76b43e172cac5dac606bc7e,91bec297cb89021f15bdb605dae8bd8fe12fbf48,0d7460e020ffb7787e53cd6d0daecd548946ab3b,not present,False,,1,3,3,stonefist-captures/pairs/STONEFIST-0032/before.txt,stonefist-captures/pairs/STONEFIST-0032/after.txt
STONEFIST-0033,magic,Gloves,Magic,Deliberate Intricate Gloves of Vanquishing,,52,,Gloves,Magic,Deliberate Fists of Stone of Vanquishing,,52,,80,2026-07-05T21:56:33,2,f7da7581f4c83f00f5e0a8b111f7af5800d53c48,1358bf8678c5c0610c9d85a4754ff5f5ffc97f94,db96ac1f80be85f9b7936a677dade48052b65353,not present,False,,1,2,2,stonefist-captures/pairs/STONEFIST-0033/before.txt,stonefist-captures/pairs/STONEFIST-0033/after.txt
STONEFIST-0034,rare,Gloves,Rare,Cataclysm Hold,Ornate Cuffs,69,,Gloves,Rare,Cataclysm Hold,Fists of Stone,69,,80,2026-07-05T21:56:39,2,a20b83a4e1271136eedd346b62747cc9405b728b,82ddb514672206b45dfab270fbb90f258ec2777b,f68629d72b1d4e374fbea91b093c60953587e702,not present,False,,1,4,4,stonefist-captures/pairs/STONEFIST-0034/before.txt,stonefist-captures/pairs/STONEFIST-0034/after.txt
STONEFIST-0035,rare,Gloves,Rare,Doom Knuckle,Ornate Cuffs,63,,Gloves,Rare,Doom Knuckle,Fists of Stone,63,,80,2026-07-05T21:56:44,2,7b9d7fe3c876127ef475ebae8a980fd6826b9c12,f89755213142bfdf52f26e49a7ce97069d418c84,319f3c00a26dc3dd0e180c8bd35ba9022a012c31,not present,False,,1,4,4,stonefist-captures/pairs/STONEFIST-0035/before.txt,stonefist-captures/pairs/STONEFIST-0035/after.txt
STONEFIST-0036,rare,Gloves,Rare,Brood Hand,Gauze Wraps,24,,Gloves,Rare,Brood Hand,Fists of Stone,24,,80,2026-07-05T21:56:52,2,7a5cd0ac092649fb725c79397cc25192d485f620,91a60be2ac2041c75b97f4fdad4e4952343cf9fb,9744c8c35dc6e04f1d88bd1c9acb950a882d0cd8,not present,False,,1,6,6,stonefist-captures/pairs/STONEFIST-0036/before.txt,stonefist-captures/pairs/STONEFIST-0036/after.txt
STONEFIST-0037,rare,Gloves,Rare,Damnation Fingers,Bound Cuffs,71,,Gloves,Rare,Damnation Fingers,Fists of Stone,71,,80,2026-07-05T21:57:03,2,a6b565c904a8ed25f1bd1b8f25a3d0c39660f592,329ad204498664caf0114213f2c484bf1748fb6f,8a72f36dde9d83eddd5d6583099f6d8809eff2bc,not present,False,,1,4,4,stonefist-captures/pairs/STONEFIST-0037/before.txt,stonefist-captures/pairs/STONEFIST-0037/after.txt
STONEFIST-0038,rare,Gloves,Rare,Behemoth Fist,Spined Bracers,43,,Gloves,Rare,Behemoth Fist,Fists of Stone,43,,80,2026-07-05T21:57:09,2,e74bec6545c9237e9fcda9884695e65c807e23be,8644f65495b1ce6782307d3d9704454efb7605bb,c100217f27abe4e7643f682da4f3a78589a873a1,not present,False,,1,4,4,stonefist-captures/pairs/STONEFIST-0038/before.txt,stonefist-captures/pairs/STONEFIST-0038/after.txt
STONEFIST-0039,rare,Gloves,Rare,Storm Vise,Spined Bracers,59,,Gloves,Rare,Storm Vise,Fists of Stone,59,,80,2026-07-05T21:57:13,2,7a30cd592acfc332e48f85a4f1b1f1a81fd210ea,89b862eab2fbba9e049546f94e2d4949030e6439,d46a81e86ead548ff7be7121f565bfc5ec3aee29,not present,False,,1,5,5,stonefist-captures/pairs/STONEFIST-0039/before.txt,stonefist-captures/pairs/STONEFIST-0039/after.txt
STONEFIST-0040,magic,Gloves,Magic,Sanguine Firm Bracers of the Penguin,,23,,Gloves,Magic,Sanguine Fists of Stone of the Penguin,,23,,80,2026-07-05T21:57:17,2,3009a5fa4cf2fb52e9fe49a63111b7b713a75fbe,9009157e7d0df9d2f96fa1261e909fa692529a5d,43765a2316eff2fb6b6959f3ff3e44ee4f80ab7e,not present,False,,1,2,2,stonefist-captures/pairs/STONEFIST-0040/before.txt,stonefist-captures/pairs/STONEFIST-0040/after.txt
STONEFIST-0041,rare,Gloves,Rare,Phoenix Vise,Linen Wraps,20,,Gloves,Rare,Phoenix Vise,Fists of Stone,20,,80,2026-07-05T21:57:22,2,27fc56645fc5d29299d083628c2265283b49d09e,b123a2fa5342e97ea34db95dc83c87eb9915e66c,a5b30eb4d6ff728da636fb74009b86b0fe6ef549,not present,False,,1,3,3,stonefist-captures/pairs/STONEFIST-0041/before.txt,stonefist-captures/pairs/STONEFIST-0041/after.txt
STONEFIST-0042,rare,Gloves,Rare,Mind Palm,Gold Gloves,65,,Gloves,Rare,Mind Palm,Fists of Stone,65,,80,2026-07-05T21:57:26,2,811d6bd1676fe9494d03a925a2e0836e21cbba71,d8f3cd8a6161ffb082ca6e927f2234742d5f95a4,1dffd12571320155231be1cb447b0db0dedb0e9e,not present,False,,1,6,6,stonefist-captures/pairs/STONEFIST-0042/before.txt,stonefist-captures/pairs/STONEFIST-0042/after.txt
STONEFIST-0043,rare,Gloves,Rare,Vengeance Paw,Goldcast Cuffs,39,,Gloves,Rare,Vengeance Paw,Fists of Stone,39,,80,2026-07-05T21:57:30,2,6f16375a95ee4fcccc5917e8c28ae8d0c39db220,535d3c0af32884a3d820ed96eb8a16f47d69091b,419d4a7c7808ac862b32fe17a0e3a211fd2b68f2,not present,False,,1,3,3,stonefist-captures/pairs/STONEFIST-0043/before.txt,stonefist-captures/pairs/STONEFIST-0043/after.txt
STONEFIST-0044,rare,Gloves,Rare,Grim Fingers,Layered Gauntlets,22,,Gloves,Rare,Grim Fingers,Fists of Stone,22,,80,2026-07-05T21:57:36,2,28ce5c573131551ce55fae8df792c6d5861fe315,0f1ffb9f327160013e55609c64aefd00dde6aa32,0f9dfa2fb026e12d7a544b599a451ce32008e9d7,not present,False,,1,4,4,stonefist-captures/pairs/STONEFIST-0044/before.txt,stonefist-captures/pairs/STONEFIST-0044/after.txt
STONEFIST-0045,magic,Gloves,Magic,Humming Gauze Wraps of Plunder,,5,,Gloves,Magic,Humming Fists of Stone of Plunder,,5,,80,2026-07-05T21:57:40,2,6fee51b1e54a88e89443a07b2aafd40930632af4,187b2e9d26899e7d6d5b35268af033179fedf0e9,1fd9893bab83981f3fb4f3e08628f95099e53931,not present,False,,1,2,2,stonefist-captures/pairs/STONEFIST-0045/before.txt,stonefist-captures/pairs/STONEFIST-0045/after.txt
STONEFIST-0046,rare,Gloves,Rare,Eagle Grasp,Grim Gloves,66,,Gloves,Rare,Eagle Grasp,Fists of Stone,66,,80,2026-07-05T21:57:45,2,41f4be751e733327beb51cd4c091c932acc7a14c,2ad5ee03c5c85a58fda04595d6cccad39bab886c,96dbff9d1eec2493ba76aa37dbd633b05e056cad,not present,False,,1,5,5,stonefist-captures/pairs/STONEFIST-0046/before.txt,stonefist-captures/pairs/STONEFIST-0046/after.txt
STONEFIST-0047,rare,Gloves,Rare,Grim Touch,Doubled Gauntlets,34,,Gloves,Rare,Grim Touch,Fists of Stone,34,,80,2026-07-05T21:57:49,2,34dec3fd1b34344cf364f9ceff221eb849c63e50,8aa64b3e741f2e6a8cbc0bd6004fb3f69b3b6ff2,0024d607db56dfe29f21cbbde5b1f03eb2b6a34c,not present,False,,1,4,4,stonefist-captures/pairs/STONEFIST-0047/before.txt,stonefist-captures/pairs/STONEFIST-0047/after.txt
STONEFIST-0048,rare,Gloves,Rare,Doom Fist,Spined Bracers,39,,Gloves,Rare,Doom Fist,Fists of Stone,39,,80,2026-07-05T21:57:54,2,33a6f261e1c2d4b656f4615c34ef0affb44f1974,a93e74e3c925e905bad39c5a20f9db86cec8bda6,69980548123232246599783076306707634c6d30,not present,False,,1,6,6,stonefist-captures/pairs/STONEFIST-0048/before.txt,stonefist-captures/pairs/STONEFIST-0048/after.txt
STONEFIST-0049,magic,Gloves,Magic,Gleaming Ancient Cuffs,,73,,Gloves,Magic,Gleaming Fists of Stone,,73,,80,2026-07-05T21:57:58,2,7f354d5fa4b32ed72d9573b17676ff71f7f7647c,48b37428b177b06ee18f99f42397b8552d95a613,c3e31e46520fda1e29eff44e35e8306f4864520f,not present,False,,1,1,1,stonefist-captures/pairs/STONEFIST-0049/before.txt,stonefist-captures/pairs/STONEFIST-0049/after.txt
STONEFIST-0050,rare,Gloves,Rare,Golem Paw,Gauze Wraps,6,,Gloves,Rare,Golem Paw,Fists of Stone,6,,80,2026-07-05T21:58:03,2,87e42e24e720552912eef4b5040aec7d5e869f64,fe8bc2fabab984e9ae78712d97da76ce93331511,70c600ad643ba13c8f285ec319238f57e4fa708d,not present,False,,1,4,4,stonefist-captures/pairs/STONEFIST-0050/before.txt,stonefist-captures/pairs/STONEFIST-0050/after.txt
STONEFIST-0051,rare,Gloves,Rare,Rift Touch,Goldcast Cuffs,35,,Gloves,Rare,Rift Touch,Fists of Stone,35,,80,2026-07-05T21:58:07,2,daa68b98b3aca9e8496e7988e409a74d632ff855,32e8f8e6726cd1b4844374a709ea3410e65a6c24,62f1f23e455d28b6c544b62fa71487944c681c91,not present,False,,1,4,4,stonefist-captures/pairs/STONEFIST-0051/before.txt,stonefist-captures/pairs/STONEFIST-0051/after.txt
STONEFIST-0052,unique,Gloves,Unique,Atziri's Acuity,Moulded Mitts,82,,Gloves,Unique,Atziri's Acuity,Fists of Stone,82,,80,2026-07-05T21:58:20,2,e5424887eba822214fd1d6deaab8aa4531d9581f,b54abb5f77b41bda11419431892e423148f7b1e7,8a344a5811da0a43933271652754c6aae0e66b4e,not present,False,,1,0,0,stonefist-captures/pairs/STONEFIST-0052/before.txt,stonefist-captures/pairs/STONEFIST-0052/after.txt
STONEFIST-0053,unique,Gloves,Unique,Blueflame Bracers,Goldcast Cuffs,79,,Gloves,Unique,Blueflame Bracers,Fists of Stone,79,,80,2026-07-05T21:58:25,2,1918e7d50e4f051dece0499478f0f4214716f770,6ab71980eb7dccd572da2ecb3b895a687705cd4f,af92b376513c33e65c49b41799c65f22707f1c60,not present,False,,1,0,0,stonefist-captures/pairs/STONEFIST-0053/before.txt,stonefist-captures/pairs/STONEFIST-0053/after.txt
STONEFIST-0054,unique,Gloves,Unique,Deathblow,Doubled Gauntlets,80,,Gloves,Unique,Deathblow,Fists of Stone,80,,80,2026-07-05T21:58:29,2,aabb7f98e8683a50afe730141e73707b5573d288,b79f847c74d71aaa74feba630550202c5598c9e4,93d7799ca2b6437284b8b56110e5da9b93c0702f,not present,False,,1,0,0,stonefist-captures/pairs/STONEFIST-0054/before.txt,stonefist-captures/pairs/STONEFIST-0054/after.txt
STONEFIST-0055,unique,Gloves,Unique,Demon Stitcher,Intricate Gloves,48,,Gloves,Unique,Demon Stitcher,Fists of Stone,48,,80,2026-07-05T21:58:37,2,a2fb22166caa6538addbe5e976abbc33da3579bc,d8ccab74423d53cf3ee9d4a009e3b8f9189b996a,2e52c95c4af1efce29be0b599ef58ce66208554e,not present,False,,1,0,0,stonefist-captures/pairs/STONEFIST-0055/before.txt,stonefist-captures/pairs/STONEFIST-0055/after.txt
STONEFIST-0056,unique,Gloves,Unique,Dreadfist,Bolstered Mitts,79,,Gloves,Unique,Dreadfist,Fists of Stone,79,,80,2026-07-05T21:58:42,2,6f880def562f00809c713a639a1234b1eca2b507,edc3bd6bd7b0ff6b3e5a1b45dded2cdb1b2f4e67,8623fd751f7fd9cbc6ffaa6fd40a853524009160,not present,False,,1,0,0,stonefist-captures/pairs/STONEFIST-0056/before.txt,stonefist-captures/pairs/STONEFIST-0056/after.txt
STONEFIST-0057,unique,Gloves,Unique,Empire's Grasp,Titan Mitts,68,,Gloves,Unique,Empire's Grasp,Fists of Stone,68,,80,2026-07-05T21:58:48,2,64605ac9e44d31a62f5d0ce977488832a7792d17,0b0dbbb9665fbcf96ba53f84b7b3f79584ca1001,6001b7c5cf12913ec3175eecf3e064e6a73759cf,not present,False,,1,0,0,stonefist-captures/pairs/STONEFIST-0057/before.txt,stonefist-captures/pairs/STONEFIST-0057/after.txt
STONEFIST-0058,unique,Gloves,Unique,Killjoy,Linen Wraps,80,,Gloves,Unique,Killjoy,Fists of Stone,80,,80,2026-07-05T21:58:55,2,abeafb94190432e4ea887726450377491933c274,47361c284149092ceb29e0c402a3a4d1ae476620,f0bd5bde79468cb8b8acf216dc63099b8d3cd8ac,not present,False,,1,0,0,stonefist-captures/pairs/STONEFIST-0058/before.txt,stonefist-captures/pairs/STONEFIST-0058/after.txt
STONEFIST-0059,unique,Gloves,Unique,Kitoko's Current,Jewelled Gloves,81,,Gloves,Unique,Kitoko's Current,Fists of Stone,81,,80,2026-07-05T21:59:00,2,9abc0986295a2f79d0ef0955623e36b0cbafcf71,5a371210d03ef30e6e9377c4b714e368f758cf54,d5b4bf342684abd7e47dc471cd3abbcadb5c09d8,not present,False,,1,0,0,stonefist-captures/pairs/STONEFIST-0059/before.txt,stonefist-captures/pairs/STONEFIST-0059/after.txt
STONEFIST-0060,unique,Gloves,Unique,Lochtonial Caress,Tempered Mitts,80,,Gloves,Unique,Lochtonial Caress,Fists of Stone,80,,80,2026-07-05T21:59:06,2,6de86769382d50d3b9de9739fd6065ff9f43d9d7,135ea93bf5b08fb969160da890a3d9dd6d934e4c,bc12a4af4d7c8205e7a8e4258e4d98d4e357c222,not present,False,,1,0,0,stonefist-captures/pairs/STONEFIST-0060/before.txt,stonefist-captures/pairs/STONEFIST-0060/after.txt
STONEFIST-0061,unique,Gloves,Unique,Painter's Servant,Torn Gloves,70,,Gloves,Unique,Painter's Servant,Fists of Stone,70,,80,2026-07-05T21:59:14,2,84bf6c4360d9f05203f9646ca3c8f95ff25468d5,818c2432d879c8f8a9e3735460406ec0ca905bbc,f3ec73017b695ee9e9352c8c59648275613246f6,not present,False,,1,0,0,stonefist-captures/pairs/STONEFIST-0061/before.txt,stonefist-captures/pairs/STONEFIST-0061/after.txt
STONEFIST-0062,unique,Gloves,Unique,Snakebite,Spined Bracers,80,,Gloves,Unique,Snakebite,Fists of Stone,80,,80,2026-07-05T21:59:20,2,2e827617792246dda96403e6e5a20e3cf40b1744,68869bdca68ee03485e0b7bf2c8191900785e4b1,a9a293e605dbc88dd81844c1b36492d40a9cd3c3,not present,False,,1,0,0,stonefist-captures/pairs/STONEFIST-0062/before.txt,stonefist-captures/pairs/STONEFIST-0062/after.txt
STONEFIST-0063,unique,Gloves,Unique,The Prisoner's Manacles,Kalguuran Cuffs,82,,Gloves,Unique,The Prisoner's Manacles,Fists of Stone,82,,80,2026-07-05T21:59:25,2,cdff093ea1536cd1977f9019bb9322db168b8070,dcba0862136047ccfb75811a55f54462243436d4,793ebe78f0124db51552f15cb2f28812046bce8f,not present,False,,1,0,0,stonefist-captures/pairs/STONEFIST-0063/before.txt,stonefist-captures/pairs/STONEFIST-0063/after.txt
STONEFIST-0064,unique,Gloves,Unique,Valako's Vice,Plate Gauntlets,78,,Gloves,Unique,Valako's Vice,Fists of Stone,78,,80,2026-07-05T21:59:46,2,b97379544e4b687d086d88292aa9c9cc85bdb5ad,2d14871e13ab16b8048e0029ead9d511a8c661aa,bf20052ca35faae020ea5ec87cfc2dc5ed745adb,not present,False,,1,0,0,stonefist-captures/pairs/STONEFIST-0064/before.txt,stonefist-captures/pairs/STONEFIST-0064/after.txt
STONEFIST-0065,magic,Gloves,Magic,Unassailable Sirenscale Gloves,,80,,Gloves,Magic,Unassailable Fists of Stone,,80,,80,2026-07-05T21:59:58,2,28988a7a997941f72ed52b02f1e6502dcc01db8a,f20e82d78b539b3c8556312bac087b25724fb566,1b996c68572592177bc90d5e8c6a914669f2e5fc,not present,False,,1,1,1,stonefist-captures/pairs/STONEFIST-0065/before.txt,stonefist-captures/pairs/STONEFIST-0065/after.txt
STONEFIST-0066,rare,Gloves,Rare,Brood Talons,Secured Wraps,81,,Gloves,Rare,Brood Talons,Fists of Stone,81,,80,2026-07-05T22:00:04,2,098d86ee264f1e0035f2c5c513f90b21c0989c1b,bd32f4b2faca1db853deaf530edefd203fc4325b,2e77a37c631b9d2664b2809035a853b9fbb3d54e,not present,False,,1,6,6,stonefist-captures/pairs/STONEFIST-0066/before.txt,stonefist-captures/pairs/STONEFIST-0066/after.txt
STONEFIST-0067,rare,Gloves,Rare,Pain Caress,Suede Bracers,9,,Gloves,Rare,Pain Caress,Fists of Stone,9,,80,2026-07-05T22:00:09,2,ccbacbe044f225b2cc4201c33a185337caeb7953,4e2d5003eceb49ffab2d9452302612f4310be5f4,12c452d38898a83f401a0c9e4840509fbaa04b15,not present,False,,1,3,3,stonefist-captures/pairs/STONEFIST-0067/before.txt,stonefist-captures/pairs/STONEFIST-0067/after.txt
STONEFIST-0068,rare,Gloves,Rare,Rage Paw,Steelmail Gauntlets,66,,Gloves,Rare,Rage Paw,Fists of Stone,66,,80,2026-07-05T22:00:15,2,479a59f580bc914d29c2919488c59ca57ab2450a,846b78afb6082a1d1994e0a05f4b49fbfe574b1e,63c0b01c331ce15b4e8e748a8d1743e817b2f55f,not present,False,,1,4,4,stonefist-captures/pairs/STONEFIST-0068/before.txt,stonefist-captures/pairs/STONEFIST-0068/after.txt
STONEFIST-0069,rare,Gloves,Rare,Fate Knuckle,Adorned Wraps,65,,Gloves,Rare,Fate Knuckle,Fists of Stone,65,,80,2026-07-05T22:00:20,2,1fdd3ebc3718b0c836c70cb26e89b0c783bd57c3,7d22c8ade293cda3591b5874b5fb0abf83846fa8,c17b811cacd9d75750c7685e7e282934cbf3c382,not present,False,,1,4,4,stonefist-captures/pairs/STONEFIST-0069/before.txt,stonefist-captures/pairs/STONEFIST-0069/after.txt
STONEFIST-0070,rare,Gloves,Rare,Torment Knuckle,Bound Cuffs,71,,Gloves,Rare,Torment Knuckle,Fists of Stone,71,,80,2026-07-05T22:00:26,2,2bfc10cf7cf6eaca34b92d683f4adae56b62c641,818153d805b57453189672b25c11bb62b0d638bb,eccec31d1ba3e4741e2a7dafe0a776c7c76b1791,not present,False,,1,4,4,stonefist-captures/pairs/STONEFIST-0070/before.txt,stonefist-captures/pairs/STONEFIST-0070/after.txt
STONEFIST-0071,rare,Gloves,Rare,Tempest Clutches,Spiked Bracers,61,,Gloves,Rare,Tempest Clutches,Fists of Stone,61,,80,2026-07-05T22:00:31,2,073484f618945b08aaf91d60b5f5dfef47d92ded,d3cd6c429a49ff8dd869c92d8ce40d2b38a2db12,60ad11ca2aa108d68a4b7dbf1bf2e25ba3e8f601,not present,False,,1,5,5,stonefist-captures/pairs/STONEFIST-0071/before.txt,stonefist-captures/pairs/STONEFIST-0071/after.txt
STONEFIST-0072,rare,Gloves,Rare,Plague Hold,Spiral Wraps,43,,Gloves,Rare,Plague Hold,Fists of Stone,43,,80,2026-07-05T22:00:36,2,f47176542723cb649e1c8c7ac8d26c5d63056d30,9fa55608d84965c1766c903caa7fc719b7a15fef,5354d0583bb3155ffdf42fef73361b8d101a6369,not present,False,,1,4,4,stonefist-captures/pairs/STONEFIST-0072/before.txt,stonefist-captures/pairs/STONEFIST-0072/after.txt
STONEFIST-0073,rare,Gloves,Rare,Agony Talons,Ancient Mitts,54,,Gloves,Rare,Agony Talons,Fists of Stone,54,,80,2026-07-05T22:00:41,2,05a64bdafd9804b6d4cee9edd6c5bd834daae153,6d951117d05e1ea49deefbf3d17daea85b24fad9,e13b1cd6f6adef6b09ea6a339aef01ded43526b4,not present,False,,1,5,5,stonefist-captures/pairs/STONEFIST-0073/before.txt,stonefist-captures/pairs/STONEFIST-0073/after.txt
STONEFIST-0074,rare,Gloves,Rare,Demon Hand,Elegant Wraps,81,,Gloves,Rare,Demon Hand,Fists of Stone,81,,80,2026-07-05T22:00:46,2,5d803f962459311b6732f476a5c4dc57364d2da8,aa643f9f3f0f568fb0739a39a8d9632bbb172300,8e6be2fde3d476e88fc6cf435206cf4298c88f02,not present,False,,1,4,4,stonefist-captures/pairs/STONEFIST-0074/before.txt,stonefist-captures/pairs/STONEFIST-0074/after.txt
STONEFIST-0075,rare,Gloves,Rare,Sol Knuckle,Stalking Bracers,79,,Gloves,Rare,Sol Knuckle,Fists of Stone,79,,80,2026-07-05T22:00:51,2,d603d10efffcc4e06f05acdff2ae1b6478f36485,23e0b5efbf4d1978c56f6875512f0ab6a28c1656,0e421e6ae30398f9de4d6ddfbe10777e87e0c188,not present,False,,1,5,5,stonefist-captures/pairs/STONEFIST-0075/before.txt,stonefist-captures/pairs/STONEFIST-0075/after.txt
STONEFIST-0076,magic,Gloves,Magic,Stocky Mitts of Skill,,3,,Gloves,Magic,Fists of Stone of Skill,,3,,80,2026-07-05T22:00:56,2,247b5cf1c7f2d9d0d2a97dff8dc2c4f24b21d3ae,00109b4eb4276646125e6617614c4ecb16d2f84a,3afe101ea4d88a75734d3cb0b573c19b6727057a,not present,False,,1,1,1,stonefist-captures/pairs/STONEFIST-0076/before.txt,stonefist-captures/pairs/STONEFIST-0076/after.txt
STONEFIST-0077,rare,Gloves,Rare,Sorrow Vise,Vaal Gloves,81,,Gloves,Rare,Sorrow Vise,Fists of Stone,81,,80,2026-07-05T22:01:12,2,58cc1aa5d9ecbccd3e224259eb830490002c2f45,b11dee234f3de151afe73400ffb780d79bc7aa46,84ffe56676dc4efd2b7ed32a90fa721df16df119,not present,False,,1,6,6,stonefist-captures/pairs/STONEFIST-0077/before.txt,stonefist-captures/pairs/STONEFIST-0077/after.txt
STONEFIST-0078,rare,Gloves,Rare,Grim Palm,Baroque Gloves,82,,Gloves,Rare,Grim Palm,Fists of Stone,82,,80,2026-07-05T22:01:19,2,278743ca9d76cec6fc6078b6c90e4b647ad11411,9422b2424c67c10b7b13e9ea5ab817b738b7444a,719e814d528eed5bdd880f78636a9e1910198739,not present,False,,1,3,3,stonefist-captures/pairs/STONEFIST-0078/before.txt,stonefist-captures/pairs/STONEFIST-0078/after.txt
STONEFIST-0079,unique,Gloves,Unique,Gravebind,Rope Cuffs,62,,Gloves,Unique,Gravebind,Fists of Stone,62,,80,2026-07-05T22:01:35,2,39cee85642dac56fcfcbdea89066ac714458eb91,8a15a612f5db572287cc01feeafc3a96777bd3bf,7b937313aaf93c90fa88e113213f1b4d9ce94151,not present,False,,1,0,0,stonefist-captures/pairs/STONEFIST-0079/before.txt,stonefist-captures/pairs/STONEFIST-0079/after.txt
STONEFIST-0080,unique,Gloves,Unique,Grip of Winter,Firm Bracers,69,,Gloves,Unique,Grip of Winter,Fists of Stone,69,,80,2026-07-05T22:01:40,2,98e17ff6e44355a85755ae1de7d0c255c665a795,0c3231f10a26a61df5bf428b620cf5c9254a40d0,08df02fbd61689f20d72d8da5c310577c3d02b07,not present,False,,1,0,0,stonefist-captures/pairs/STONEFIST-0080/before.txt,stonefist-captures/pairs/STONEFIST-0080/after.txt
STONEFIST-0081,unique,Gloves,Unique,Kitoko's Current,Jewelled Gloves,65,,Gloves,Unique,Kitoko's Current,Fists of Stone,65,,80,2026-07-05T22:01:44,2,104b244ffa2e2493bf6bbd7a5bed2fc1d1b5535f,dc832d0f32d49bef867c8041113c06b1185a33db,282593bcc3575a3a234bbca8ff37db55b0538578,not present,False,,1,0,0,stonefist-captures/pairs/STONEFIST-0081/before.txt,stonefist-captures/pairs/STONEFIST-0081/after.txt
STONEFIST-0082,unique,Gloves,Unique,The Prisoner's Manacles,Kalguuran Cuffs,59,,Gloves,Unique,The Prisoner's Manacles,Fists of Stone,59,,80,2026-07-05T22:01:50,2,6e4b828b0847ffa1ff8ed9f5ebe0297804c9c35e,f66158649ae5c1c33a8eb1ba328d1181ee700916,95b0c8260b3feee09d56223b7323fcacd48929e3,not present,False,,1,0,0,stonefist-captures/pairs/STONEFIST-0082/before.txt,stonefist-captures/pairs/STONEFIST-0082/after.txt
